geneid,a_h
YEL046C,2.241206273
YHR007C,1.573695174
YHR057C,1.31078314
YOL126C,1.234732685
YNL277W,1.020306834
YLR056W,0.947352506
YMR015C,0.913522451
YGR136W,0.871625006
YNR053C,0.774558213
YHL024W,0.728073793
YPR167C,0.672318883
YPL127C,0.642798485
YER126C,0.569476772
YOR099W,0.552260876
YOR171C,0.469237673
YKR046C,0.465545591
YNL141W,0.408221352
YBL078C,0.408072939
YHR206W,0.321802219
YPL093W,0.314385901
YGR250C,0.313906784
YIL053W,0.30166842
YJL101C,0.295377457
YNL298W,0.293231237
YBL016W,0.285249129
YDR153C,0.278634803
YHR205W,0.276666179
YER062C,0.276268034
YNL323W,0.261013338
YEL071W,0.25891176
YKL032C,0.249546062
YFL007W,0.248925425
YHR207C,0.247498062
YLR009W,0.242912594
YNL201C,0.238145096
YJL201W,0.236278775
YNL002C,0.23560929
YGL181W,0.232535651
YKL159C,0.229468463
YJR125C,0.22336949
YMR145C,0.219361976
YKR002W,0.21812144
YDR055W,0.217866909
YER114C,0.212993647
YMR104C,0.205955653
YJL042W,0.200269945
YNL208W,0.199280406
YIL030C,0.192640745
YOR056C,0.190720483
YMR197C,0.189104725
YGR175C,0.189033508
YLR241W,0.183583567
YHR161C,0.181487694
YNL110C,0.179974762
YBR162C,0.178824141
YDL134C,0.17772814
YPR035W,0.173965033
YFR001W,0.17372378
YHR137W,0.172701992
YDL110C,0.172451027
YMR009W,0.170190617
YDR379C-A,0.169792298
YLR387C,0.169660737
YMR098C,0.169170596
YEL060C,0.168848846
YJL082W,0.167854631
YDL115C,0.166857587
YCL037C,0.165645532
YPR133C,0.165527209
YPR024W,0.163317065
YBR177C,0.161787329
YKR097W,0.159792187
YGR286C,0.156773902
YDR150W,0.15641124
YML016C,0.155818156
YOR089C,0.154294222
YHR138C,0.153884338
YER166W,0.152700679
YOL041C,0.152450181
YDR493W,0.151554733
YDL140C,0.150969957
YOR370C,0.150758919
YDR074W,0.149225654
YGR111W,0.148574178
YOR091W,0.147068978
YKL126W,0.146949876
YDL215C,0.146456219
YLR250W,0.143761013
YDR251W,0.143476742
YNL129W,0.142500532
YER083C,0.142332197
YJL033W,0.139186126
YKL091C,0.138550359
YDR272W,0.138052382
YPL170W,0.137344897
YAL042W,0.135298554
YGL125W,0.133086996
YHR059W,0.13306679
YGR271W,0.132730136
YLR309C,0.132206249
YPR143W,0.131957323
YBR273C,0.130105576
YMR311C,0.128676188
YJR002W,0.126568694
YFR016C,0.125605343
YLR153C,0.125556206
YML110C,0.125196596
YBR280C,0.124904538
YMR276W,0.124285308
YDR397C,0.123438574
YFL038C,0.122094535
YPL184C,0.121699662
YCL017C,0.120087557
YKR035W-A,0.119007849
YLR075W,0.118688566
YDR330W,0.118257146
YLR093C,0.118205759
YBR214W,0.117946828
YNL118C,0.117708125
YBR101C,0.114133067
YGL078C,0.112974836
YGR271C-A,0.112610442
YEL055C,0.112444723
YOR204W,0.11234089
YDL190C,0.111235569
YMR124W,0.111166077
YLR276C,0.111151585
YOR285W,0.111095215
YJR066W,0.110763903
YER024W,0.110686711
YOR298C-A,0.110423343
YFR030W,0.110382569
YAL025C,0.109671284
YBL059C-A,0.109629944
YBL105C,0.108413874
YLR017W,0.108295497
YDL236W,0.107878503
YMR067C,0.10768205
YNL112W,0.106589645
YGL153W,0.106492071
YNL090W,0.106333191
YER048W-A,0.105621116
YNR034W-A,0.104753851
YDR001C,0.104555457
YLR026C,0.1042528
YLL021W,0.104229404
YER006W,0.104010451
YKL112W,0.103795092
YIL010W,0.102952797
YGR030C,0.102779783
YBR095C,0.101806699
YLR163C,0.101125626
YMR073C,0.100992725
YHR052W,0.100939927
YOR057W,0.100585048
YGR130C,0.099360566
YJL204C,0.099190184
YJR051W,0.098763035
YNL175C,0.09841404
YER143W,0.098220902
YJR073C,0.098130567
YOR043W,0.097157655
YDR097C,0.096926292
YDR379W,0.096814617
YLR300W,0.096201047
YHR195W,0.096198928
YGL060W,0.095114303
YLR262C-A,0.095047676
YHR005C,0.094787498
YER125W,0.094279752
YDL065C,0.094217783
YDR477W,0.093936684
YGL057C,0.093378596
YGL056C,0.092249249
YDL161W,0.092143125
YHR063C,0.092077808
YPR088C,0.091844603
YBR010W,0.091733882
YPL116W,0.091447888
YDR372C,0.090359824
YDL201W,0.090159072
YLR295C,0.090033236
YLR380W,0.089281851
YDL131W,0.089097538
YGL191W,0.089034099
YFL030W,0.088776319
YOL103W-B,0.088428866
YKR014C,0.088384039
YLR310C,0.087912316
YMR246W,0.087870008
YMR307W,0.087825308
YHR034C,0.087294893
YPL031C,0.08675762
YMR108W,0.086691869
YDR465C,0.086194866
YBR247C,0.086132717
YHR049W,0.085997188
YLL029W,0.085782551
YDR044W,0.085592973
YNL127W,0.085518445
YKR056W,0.085480893
YDR177W,0.085334546
YDR381W,0.085217862
YOR197W,0.084847296
YML115C,0.08481785
YMR134W,0.084725331
YMR038C,0.084577583
YBR261C,0.084457606
YER016W,0.083975819
YIR004W,0.083971297
YER065C,0.083759043
YNL044W,0.083676378
YML010W,0.08329369
YNL173C,0.08298284
YFL014W,0.082886807
YIR008C,0.082842711
YOR207C,0.082777353
YAR035W,0.08269196
YPR165W,0.082629663
YML004C,0.082530815
YGL049C,0.082474585
YJL104W,0.082066212
YCL001W,0.081982997
YOL123W,0.081952833
YAL021C,0.081776713
YFL044C,0.08171855
YLR113W,0.081617559
YOL004W,0.081157959
YDL074C,0.08097888
YDL072C,0.080070457
YPL161C,0.079915696
YIL016W,0.07948323
YDR293C,0.079047135
YBL050W,0.078999882
YKL088W,0.078584575
YOR151C,0.078258454
YBR109C,0.078056716
YGR235C,0.07797945
YMR174C,0.077547459
YBR035C,0.07721878
YPL061W,0.077138954
YFR040W,0.077027304
YER133W,0.076773419
YMR261C,0.076720465
YBL058W,0.076440795
YOR317W,0.075649866
YBR171W,0.075618119
YHR121W,0.075474683
YJL178C,0.075467687
YPL112C,0.075344606
YBL007C,0.075162607
YOR150W,0.075023199
YOR131C,0.074652114
YOR087W,0.074412531
YDR294C,0.074319031
YDR335W,0.074306773
YCR093W,0.074300148
YPL199C,0.0736365
YER151C,0.073536036
YML048W,0.073272144
YCL039W,0.072463367
YOR253W,0.071985392
YFL005W,0.071673713
YOR138C,0.071459931
YHR077C,0.071393268
YOR143C,0.070768945
YKL094W,0.070718457
YPL050C,0.070450323
YPL059W,0.070429527
YOL071W,0.070421358
YHR062C,0.070228174
YLR410W,0.069961131
YOR141C,0.069953215
YDL078C,0.069875205
YJL183W,0.069846832
YPR036W,0.069413287
YER031C,0.069008862
YMR152W,0.068755998
YJL180C,0.068740703
YPL190C,0.068410356
YGL006W,0.068381718
YER017C,0.068088322
YJL197W,0.068087571
YPL084W,0.067647046
YIL042C,0.067514532
YDR062W,0.067430943
YNL315C,0.067369296
YDR231C,0.067323893
YJR072C,0.066952862
YKR006C,0.066799633
YJR019C,0.066782499
YLR066W,0.066481971
YDL226C,0.066340969
YKL191W,0.066112274
YCR054C,0.066110039
YER025W,0.066025145
YAL060W,0.065917055
YBR080C,0.065802958
YGR090W,0.065431244
YNL248C,0.065387851
YNL330C,0.065336793
YDL060W,0.065326882
YKR084C,0.065239882
YBR170C,0.065134743
YBR146W,0.064973795
YOR109W,0.064922368
YER136W,0.064732864
YNL084C,0.064590763
YIL157C,0.064551893
YPL232W,0.064422057
YPR148C,0.064401641
YER029C,0.064388617
YGL173C,0.064383458
YHR009C,0.064371148
YDR295C,0.064166184
YBL091C,0.06366259
YPR010C-A,0.063592
YPL010W,0.063437199
YKL196C,0.063206541
YLR043C,0.063186576
YLR195C,0.062926166
YGL210W,0.062859876
YLR386W,0.062855287
YKL135C,0.062797473
YPL012W,0.062793472
YGL184C,0.06267632
YLR078C,0.062573556
YDL171C,0.062544353
YHR039C,0.062484085
YIR001C,0.062466524
YBR122C,0.062383073
YDL132W,0.062347412
YBR245C,0.062159771
YOL012C,0.062126715
YDL044C,0.061925103
YML001W,0.061861533
YLR100W,0.061664946
YBR058C-A,0.061463605
YBL047C,0.06141556
YBR017C,0.061068771
YGR156W,0.060955813
YDL160C,0.060864124
YOR116C,0.060817262
YDR328C,0.060729954
YOR332W,0.060717355
YPL145C,0.060711502
YML008C,0.060633009
YMR296C,0.060554777
YKL167C,0.060347627
YNL244C,0.060303528
YCL026C-B,0.05986437
YDR388W,0.059807466
YEL031W,0.05979791
YKR018C,0.059712042
YHR001W,0.059630671
YHR100C,0.059571528
YGL228W,0.059436436
YGL201C,0.059182334
YHR039C-A,0.05909501
YHR158C,0.058825295
YMR074C,0.058277275
YNL189W,0.058141473
YOR163W,0.058124013
YOR360C,0.058109807
YKR069W,0.058002398
YDR434W,0.057739406
YGL115W,0.057619993
YDR358W,0.057552743
YPL023C,0.057485956
YNR034W,0.057474413
YKR048C,0.057418923
YIL065C,0.057397097
YOL016C,0.057208779
YPL119C,0.057206673
YOR014W,0.057111601
YDL126C,0.057029193
YOR007C,0.056928166
YGL190C,0.056818567
YDR296W,0.056724799
YMR110C,0.056717799
YPL094C,0.056492951
YLR150W,0.056459515
YEL036C,0.056294373
YPR129W,0.056208781
YOR357C,0.056207685
YML012W,0.056145465
YCR071C,0.056130313
YPR149W,0.056078388
YBR213W,0.055994447
YNL307C,0.055879878
YMR029C,0.055732131
YHR005C-A,0.055585918
YAR007C,0.055547956
YML055W,0.055216733
YPL063W,0.055125971
YBR106W,0.055106402
YMR031C,0.054862938
YDR347W,0.054790141
YLR008C,0.054587699
YKL033W-A,0.054584819
YOL109W,0.054472807
YDR248C,0.054448062
YDR060W,0.054311956
YNL015W,0.054299221
YKR008W,0.054295715
YNR022C,0.054073069
YLR378C,0.054030869
YKR007W,0.053980168
YGR155W,0.053974913
YHR109W,0.053959823
YNL135C,0.053830418
YKL023W,0.053628882
YNL115C,0.053504757
YCR009C,0.053263307
YGL001C,0.053125156
YBR222C,0.05311825
YJR137C,0.053093359
YOR124C,0.053019654
YGR116W,0.052955131
YIL109C,0.052926582
YDR168W,0.052586107
YJR143C,0.052577164
YJL020C,0.052528951
YGR086C,0.052442625
YGL252C,0.052316028
YDR476C,0.052274219
YGL097W,0.052159002
YOL088C,0.051964748
YDR292C,0.051943285
YNL067W,0.051767285
YDL225W,0.051654757
YDL046W,0.051630182
YPR172W,0.05153604
YGR054W,0.051412795
YHR051W,0.051389505
YER081W,0.051386243
YMR027W,0.051369279
YJR070C,0.05120907
YGR083C,0.051166006
YGL167C,0.051165453
YIL091C,0.051148033
YNL064C,0.051093637
YHR190W,0.051041693
YPL226W,0.051005107
YDR303C,0.050922346
YPL225W,0.050887684
YJR117W,0.050809557
YDR390C,0.050733606
YJL155C,0.050692499
YPL237W,0.050692384
YML127W,0.050610447
YPL004C,0.050459743
YML125C,0.050445998
YLR347C,0.050373284
YER122C,0.050348239
YPR110C,0.050258127
YLR027C,0.050097571
YHR112C,0.050058347
YOR284W,0.04992418
YIL043C,0.049635349
YER021W,0.04955003
YBR252W,0.049507839
YDR189W,0.049388746
YIL068C,0.049297321
YBR082C,0.049271213
YFR053C,0.049242573
YFR024C-A,0.049199779
YOR086C,0.049100251
YGR162W,0.049083671
YNR050C,0.049080583
YGL106W,0.049051563
YGL151W,0.048933622
YER112W,0.048902323
YNL231C,0.0487878
YDL022W,0.04865895
YLR118C,0.048653917
YBL056W,0.048643862
YGL130W,0.04857894
YIL041W,0.048514911
YBR094W,0.04835401
YOR326W,0.048326307
YER004W,0.048177937
YOR165W,0.048027536
YMR096W,0.047985512
YPL178W,0.047983213
YLR206W,0.047982566
YMR297W,0.047970498
YFL047W,0.047862883
YDR164C,0.047802761
YOL077C,0.047787247
YGR210C,0.047768281
YKL190W,0.047688119
YNL153C,0.047598687
YJL010C,0.04756687
YNL313C,0.047556787
YPL032C,0.047501713
YLR364W,0.047500674
YJL008C,0.047371014
YJL154C,0.047340776
YBR126C,0.047238542
YAL016W,0.046969241
YPL009C,0.046798674
YNL297C,0.04677503
YLL001W,0.046759998
YHR074W,0.046710471
YBR160W,0.046534114
YDR047W,0.046112923
YML130C,0.045784509
YJL096W,0.045783334
YCR011C,0.045780029
YNL147W,0.045720398
YDR086C,0.0455647
YLR303W,0.045467757
YPL210C,0.045455224
YIL124W,0.045413577
YDL019C,0.045400092
YMR229C,0.045394826
YOR027W,0.045357687
YML025C,0.045348934
YER090W,0.045345454
YLR270W,0.045304424
YEL024W,0.045118455
YOL005C,0.045098423
YGL187C,0.045047784
YIR035C,0.045030352
YCL009C,0.045027623
YKR065C,0.044994795
YHR068W,0.04498224
YOL059W,0.044971177
YNL206C,0.044874602
YIL074C,0.044780448
YKL122C,0.044750826
YDL181W,0.044710706
YNL111C,0.044676314
YGL054C,0.044674257
YGR205W,0.044653805
YBR164C,0.044521295
YFR037C,0.044396538
YFR010W,0.04426547
YDL202W,0.044147636
YJL121C,0.044039308
YPR074C,0.043990998
YGL207W,0.043958401
YIL007C,0.043946125
YLR133W,0.04392514
YOR254C,0.043921542
YDR214W,0.043805678
YFR014C,0.043678238
YFR033C,0.043642315
YOL052C,0.043575196
YGR211W,0.043529388
YOL061W,0.043501392
YHR163W,0.043149421
YDL067C,0.043091686
YCR084C,0.043069617
YMR188C,0.043049741
YMR079W,0.042973851
YBR115C,0.042894655
YGR103W,0.042779084
YML081C-A,0.042731913
YHR201C,0.042667203
YIR038C,0.042610053
YML030W,0.042547584
YNL005C,0.042546838
YBR009C,0.042432021
YLR418C,0.042425039
YGL087C,0.042359478
YDL092W,0.042342456
YMR304W,0.042290284
YPL231W,0.042232536
YBR127C,0.042142161
YEL058W,0.042129654
YGL050W,0.042120586
YGL018C,0.042064976
YKL182W,0.042061031
YGR279C,0.042045332
YOL111C,0.042019759
YNL016W,0.04198867
YDR233C,0.041980238
YDL100C,0.041802053
YOR176W,0.041795776
YML070W,0.041783568
YJL034W,0.041770477
YDL007W,0.041759748
YDR002W,0.04172146
YML036W,0.041683473
YLR192C,0.041656479
YLL041C,0.041656216
YML072C,0.041602109
YJR133W,0.041558849
YJR088C,0.041558833
YER146W,0.041440587
YER120W,0.041387133
YOL139C,0.04123353
YBR145W,0.041230723
YCL030C,0.041228716
YHR012W,0.041186968
YPL218W,0.041001315
YPL126W,0.040899945
YCR030C,0.040859997
YJL001W,0.040759793
YLR200W,0.040737123
YPL260W,0.040708828
YDR353W,0.040485883
YMR153W,0.040433728
YLR209C,0.040415474
YOR117W,0.040390652
YGR234W,0.040388245
YLR304C,0.040344384
YCL043C,0.040182314
YPL129W,0.040148503
YOR133W,0.040125914
YOR270C,0.040104395
YBR053C,0.039904552
YDL040C,0.039831521
YHL004W,0.039759521
YNR017W,0.03967333
YBR120C,0.03957525
YDR129C,0.039563572
YGL202W,0.03947944
YKL210W,0.039477867
YJR109C,0.039369349
YKL211C,0.039359741
YJR010W,0.03932992
YOR222W,0.03927595
YGR240C,0.039273001
YIL078W,0.039192212
YHR098C,0.039187801
YHR200W,0.039186205
YBR249C,0.0391518
YLR373C,0.039135924
YMR186W,0.039090436
YDL205C,0.039054221
YCL040W,0.039051864
YKR001C,0.039049934
YOR341W,0.039041726
YPR183W,0.038964607
YHR117W,0.038922929
YCL050C,0.038867311
YBL026W,0.038859294
YHR029C,0.038847372
YJL031C,0.038778772
YJL172W,0.03875567
YDR170C,0.038725293
YFR009W,0.03871495
YMR205C,0.038712032
YDL055C,0.038669743
YOL032W,0.038660684
YNL241C,0.038653021
YLR438W,0.038564811
YPR108W,0.038548524
YOR173W,0.038523885
YDR377W,0.038517918
YOL057W,0.038497086
YKL080W,0.038496618
YDR487C,0.038474185
YMR099C,0.038465924
YDR071C,0.038440388
YHR042W,0.038361454
YFR011C,0.038311821
YLL018C,0.038264867
YJL115W,0.038262811
YDR188W,0.038155169
YLR231C,0.03815195
YDR361C,0.038110159
YLR287C,0.038101174
YMR237W,0.038048112
YJL192C,0.038040047
YMR220W,0.038018776
YMR149W,0.03800912
YGR277C,0.037976195
YDR496C,0.037975409
YKR074W,0.037942805
YGL099W,0.037922107
YNL085W,0.037920727
YGL048C,0.037908836
YCL057W,0.037865561
YPL212C,0.037837289
YKL150W,0.037820488
YIL142W,0.037811884
YIL075C,0.037764305
YBR143C,0.037726687
YBL076C,0.037680213
YDR470C,0.037655665
YCR073W-A,0.037616082
YBR283C,0.037603444
YBR196C,0.037596159
YNL131W,0.037587107
YKL145W,0.037580344
YIL033C,0.0375738
YER156C,0.037470823
YOR120W,0.037433499
YPL091W,0.037424848
YLL024C,0.037398817
YNL312W,0.037306555
YGR254W,0.037285243
YJR017C,0.037234583
YDR513W,0.037186293
YNL287W,0.037174568
YJL088W,0.037090499
YPL144W,0.037072292
YGL253W,0.036987939
YML073C,0.036985148
YER048C,0.036982724
YJL014W,0.036978489
YGR194C,0.036927315
YEL047C,0.036909889
YIL094C,0.036900298
YGR262C,0.036892612
YHR027C,0.036823153
YJL200C,0.036773359
YNL062C,0.036736885
YER042W,0.036692601
YKL104C,0.036690967
YKL060C,0.036645199
YKL142W,0.036640611
YLR382C,0.036617783
YAL005C,0.036610269
YEL066W,0.036605046
YJR064W,0.036538002
YOR286W,0.036530804
YNL121C,0.036522744
YER177W,0.036503148
YKL141W,0.036493284
YFR004W,0.036484187
YJL173C,0.036443994
YGR187C,0.036430489
YLR003C,0.036421854
YDL195W,0.036419892
YOR251C,0.03640438
YMR196W,0.036314364
YHR013C,0.036243933
YPR028W,0.036232161
YGL009C,0.036222234
YPL125W,0.036180814
YDR212W,0.036165656
YNL200C,0.036144437
YDR427W,0.036114616
YJR139C,0.036091852
YOR259C,0.036090741
YFR052W,0.036047409
YDR430C,0.036033505
YDR101C,0.036023245
YOR234C,0.036001474
YBR154C,0.03594924
YDR502C,0.035934532
YIL022W,0.035924871
YOR061W,0.035916931
YGR037C,0.035907522
YLR301W,0.035878622
YIL098C,0.035878253
YBR291C,0.035871527
YHR072W,0.035846764
YKL193C,0.035803854
YNL007C,0.035749415
YDL147W,0.035745328
YKL001C,0.035673958
YIL155C,0.035658076
YDL125C,0.035614688
YGR218W,0.035563921
YPR080W,0.035514821
YBL092W,0.03550435
YHR019C,0.035437908
YDL143W,0.035415407
YKL035W,0.035356724
YGL105W,0.035317441
YDR050C,0.035282413
YDR238C,0.035280795
YGL137W,0.035267353
YOL049W,0.035242536
YGL031C,0.035204945
YOL058W,0.035183574
YHR174W,0.035181407
YLR314C,0.03516111
YMR315W,0.035148532
YJL145W,0.035145934
YAL038W,0.035081595
YKL027W,0.035050072
YHR018C,0.03503563
YOR126C,0.035002914
YNL274C,0.034981838
YGL200C,0.034972936
YPR118W,0.034970103
YDL097C,0.034962273
YBR248C,0.034951626
YGR232W,0.03494521
YJR048W,0.034912996
YBR286W,0.0349037
YGR019W,0.034873445
YIL136W,0.034835456
YKL152C,0.03481493
YMR314W,0.034785397
YMR041C,0.034782917
YLL050C,0.034755374
YDR368W,0.034733672
YMR308C,0.034715899
YPL198W,0.034653463
YLR172C,0.034622272
YPR155C,0.034619926
YML092C,0.034608125
YOL038W,0.034585019
YER043C,0.034584255
YDL198C,0.034471069
YOR020C,0.034460446
YLR448W,0.034449521
YCR035C,0.034390489
YNL069C,0.034383773
YPL097W,0.034347171
YJL060W,0.034340026
YGL040C,0.034320195
YGR192C,0.034311846
YCR053W,0.034211814
YLR275W,0.034201875
YJL002C,0.034180693
YMR318C,0.034168476
YOR374W,0.034132798
YGL103W,0.034114238
YLR406C,0.03405596
YLR384C,0.034036163
YBR029C,0.034029953
YGL026C,0.033997452
YGL221C,0.033995183
YJR104C,0.033987404
YDR172W,0.033986218
YMR146C,0.033939292
YDR155C,0.03393026
YKL081W,0.033879673
YDR127W,0.033856697
YKL024C,0.033841002
YCR012W,0.033831226
YIL115C,0.03383065
YOL151W,0.03382887
YOR164C,0.03382426
YDR226W,0.033819922
YML028W,0.03380354
YJR003C,0.033798433
YPL048W,0.033753905
YML086C,0.03374534
YDR424C,0.033712204
YHR047C,0.033666485
YHR146W,0.033621988
YDR304C,0.033565502
YDR023W,0.033562907
YBL068W,0.033554141
YBR011C,0.033549954
YBR149W,0.033525024
YOL127W,0.033523394
YLR354C,0.033500094
YMR309C,0.033490982
YML054C,0.033488652
YOR157C,0.033466301
YJR099W,0.033446152
YCR004C,0.033445979
YOR354C,0.033445293
YPL240C,0.033393004
YNL096C,0.033325045
YHR020W,0.033166727
YGL107C,0.033148795
YJR009C,0.033134124
YOR187W,0.033133195
YML035C,0.033076562
YKL067W,0.033030444
YOR021C,0.03303022
YJL167W,0.033017654
YJR007W,0.033010102
YOR063W,0.032947326
YHR179W,0.032894454
YLR028C,0.032888705
YER023W,0.032841555
YMR226C,0.032835893
YPL160W,0.032828388
YER003C,0.032805076
YNL252C,0.032791889
YGR185C,0.032746842
YDR341C,0.032714911
YMR105C,0.032688005
YJL109C,0.032658218
YJL130C,0.032625607
YGL030W,0.032624731
YMR142C,0.032608192
YDL185W,0.032550739
YBR218C,0.032536131
YPL271W,0.03252403
YDL235C,0.032492804
YNL055C,0.032473144
YOR184W,0.032466547
YER134C,0.032456727
YCR028C-A,0.032454983
YOR356W,0.032401796
YLR069C,0.032375493
YDR158W,0.032370163
YNR035C,0.032367593
YJR105W,0.032362425
YCL045C,0.032359337
YOR362C,0.032311445
YGL062W,0.032281803
YNL281W,0.032217842
YNL010W,0.032206349
YOR211C,0.03220153
YCL018W,0.032196297
YLR351C,0.032189925
YMR125W,0.032102138
YIL133C,0.03204527
YLR174W,0.032037792
YOL064C,0.032013936
YOL098C,0.032006811
YDR432W,0.03200112
YOR209C,0.031926278
YER057C,0.031854377
YDR395W,0.031830027
YGL037C,0.031806373
YGL011C,0.031791814
YGL120C,0.031766377
YJL111W,0.031727339
YPR181C,0.031676142
YDR454C,0.031630735
YJR148W,0.03160309
YPR020W,0.031535256
YLL026W,0.031534691
YBL041W,0.031515247
YBL036C,0.031513966
YBL022C,0.031468154
YML079W,0.031429303
YPL211W,0.031407787
YGL148W,0.031392765
YGL195W,0.031391619
YFR044C,0.031386613
YMR208W,0.031378377
YER012W,0.031356265
YML022W,0.031343278
YGL206C,0.031329011
YDL061C,0.031272039
YDL145C,0.031200285
YLR196W,0.031154919
YDL144C,0.031078393
YGL068W,0.031026892
YAL003W,0.03100787
YLR441C,0.030944397
YPR002W,0.030933493
YIL052C,0.030924463
YGR135W,0.030867231
YHR107C,0.030640759
YAR015W,0.03063787
YDL124W,0.030628225
YLR208W,0.03061055
YGR167W,0.030589748
YKL148C,0.030579598
YJL177W,0.030544881
YLR312W-A,0.030522202
YFR047C,0.030454326
YOR168W,0.030436559
YJR077C,0.030369164
YER080W,0.030340922
YBR034C,0.030340278
YKL192C,0.030313096
YPL169C,0.030277598
YFL022C,0.030261942
YDL075W,0.03023709
YPL037C,0.030214792
YLR344W,0.030200383
YGL123W,0.030172682
YDR148C,0.030072215
YER052C,0.03000453
YOR051C,0.029966182
YER056C-A,0.029962838
YPL215W,0.02994418
YIL116W,0.029937703
YLR178C,0.029920919
YCR088W,0.029912784
YGR193C,0.029894243
YPR047W,0.029855274
YKL085W,0.029841672
YAL012W,0.029800259
YML069W,0.029726933
YDR394W,0.029690696
YKL029C,0.029661641
YER089C,0.029639489
YER165W,0.029592621
YNL138W,0.029589491
YDR300C,0.029562531
YER007C-A,0.029555902
YIL076W,0.029547921
YLR060W,0.029512415
YDR190C,0.029489622
YGR264C,0.029432418
YGR132C,0.029426244
YMR183C,0.029400256
YLR429W,0.029384468
YIL070C,0.029372552
YIL118W,0.029352699
YGR034W,0.029340992
YDL116W,0.029325497
YNR021W,0.029307236
YDR064W,0.029237357
YBR025C,0.02922396
YGR207C,0.029201866
YDR035W,0.029190283
YNL137C,0.029163281
YHR104W,0.029161159
YGR124W,0.029136004
YHR030C,0.029109657
YJL026W,0.029057608
YNL045W,0.029028653
YMR083W,0.029005182
YOR232W,0.029003872
YKL180W,0.028997808
YLR359W,0.028981747
YGR180C,0.028941648
YOR271C,0.028935965
YNL037C,0.028918385
YBL099W,0.028887333
YMR120C,0.028840302
YLR325C,0.028818315
YDR091C,0.028804376
YNR043W,0.028759515
YFL018C,0.028733552
YGR244C,0.028714807
YJL208C,0.028689653
YML063W,0.028497362
YHR087W,0.028359988
YNL132W,0.028290249
YBR221C,0.0282053
YGR231C,0.028190627
YLL045C,0.028142026
YDR194C,0.028139531
YER178W,0.028081205
YMR012W,0.028026042
YDL174C,0.028007769
YIL125W,0.028002493
YNL071W,0.027998567
YHR038W,0.027951823
YGR285C,0.027919156
YBR052C,0.027889956
YDR234W,0.027866264
YHL033C,0.027856051
YKR059W,0.027814581
YPR145W,0.027798226
YGL147C,0.027777135
YBR088C,0.02777382
YBR026C,0.027709303
YNL079C,0.027704132
YDR258C,0.027685375
YBR079C,0.027669652
YPL106C,0.027618501
YBR046C,0.02761186
YMR235C,0.027564762
YDR037W,0.027560979
YOL040C,0.027491936
YNL178W,0.02749047
YKR066C,0.027488375
YAL035W,0.027450579
YKL016C,0.027440111
YAL049C,0.027402718
YMR072W,0.027351194
YDR061W,0.027344579
YDR298C,0.027340897
YPR191W,0.027318165
YLR216C,0.027278122
YGL234W,0.027275694
YMR302C,0.027269494
YLR388W,0.027258264
YNL168C,0.027209939
YFR051C,0.027161462
YAL044C,0.027133489
YPL081W,0.027126633
YLR258W,0.027041825
YPL078C,0.02698043
YER063W,0.026962295
YML120C,0.026932556
YMR203W,0.026922835
YPR058W,0.026848644
YER049W,0.026818135
YML078W,0.026773901
YJR123W,0.026765865
YFL016C,0.026669057
YOR347C,0.026646628
YNL220W,0.026608548
YLR175W,0.026588101
YGR204W,0.026587983
YOR095C,0.026572899
YLR044C,0.026493566
YCR002C,0.026460265
YHL034C,0.026450113
YEL021W,0.026425703
YBL045C,0.026228559
YPL131W,0.026227186
YPL154C,0.026113892
YOR136W,0.026087544
YBL015W,0.026063566
YGR061C,0.025882239
YHR193C,0.025776825
YLR259C,0.025754584
YIL137C,0.025608979
YNL098C,0.025558143
YOR142W,0.025428413
YJL052W,0.025427193
YBR189W,0.025362755
YER036C,0.025261725
YFL045C,0.025199667
YKL216W,0.025159342
YNL209W,0.025051168
YPR069C,0.025033996
YBR072W,0.025012918
YDL178W,0.02500186
YDR268W,0.024927131
YHR106W,0.02491082
YOR128C,0.024857595
YBR117C,0.024804672
YLR180W,0.024671021
YHR064C,0.024516154
YBR169C,0.024512614
YLR058C,0.024412365
YBR039W,0.02438906
YOR361C,0.024369605
YKR016W,0.024347914
YDL084W,0.024297079
YOR198C,0.024239909
YFL037W,0.024237422
YJR016C,0.024193668
YGR043C,0.024153782
YJR121W,0.024136871
YNL246W,0.024132347
YDR399W,0.023922967
YHR128W,0.023785629
YJL080C,0.023759559
YPL262W,0.023556224
YGR119C,0.023552056
YOL121C,0.023512625
YML085C,0.023383837
YHR208W,0.023322211
YOR096W,0.023293953
YGR214W,0.023262971
YBL064C,0.023253014
YKL103C,0.023179051
YGR282C,0.023102197
YNL117W,0.023060515
YLR048W,0.023053563
YMR116C,0.022872588
YDL014W,0.0227159
YKL056C,0.022707027
YNL302C,0.022700606
YER110C,0.022665726
YCR083W,0.022661468
YHL015W,0.022619135
YLR340W,0.022502656
YDR019C,0.022406245
YER055C,0.022131353
YDR382W,0.022015532
YKL013C,0.021877254
YER091C,0.021869885
YPL028W,0.021780144
YPL171C,0.021704033
YFL039C,0.021433584
YKL157W,0.021394636
YLR061W,0.021260124
YMR217W,0.020819785
YOR369C,0.020763251
YBL039C,0.020729918
YMR062C,0.020714917
YOL140W,0.020648056
YOL039W,0.020618479
YBL024W,0.0205217
YMR189W,0.020350407
YLR355C,0.020269071
YFL028C,0.01996136
YDL130W,0.019472279
YER069W,0.019285337
YER086W,0.019224442
YLR109W,0.019000527
YOR230W,0.018307271
YHR113W,0.017237306
YJR096W,0.016297857
YDR529C,0.015535931
YHR008C,0.012912893
