Protein,phi
Q0045,8.95584E-05
Q0140,3.73842E-05
Q0250,8.85203E-05
YAL003W,0.005312511
YAL005C,0.003097483
YAL007C,0.000122624
YAL012W,0.002177404
YAL016W,0.000335447
YAL017W,0.000139013
YAL019W,9.12493E-05
YAL021C,0.000453256
YAL023C,0.000554936
YAL025C,5.98799E-05
YAL029C,8.20297E-05
YAL034W-A,1.0729E-05
YAL035W,0.00148806
YAL036C,0.000217473
YAL038W,0.012328039
YAL039C,2.03826E-05
YAL042W,0.000127131
YAL043C,6.89496E-06
YAL044C,0.000271393
YAL044W-A,1.55806E-06
YAL046C,7.68529E-06
YAL049C,9.80366E-05
YAL059W,5.54012E-05
YAL060W,0.000279339
YAL062W,0.001470811
YAR002C-A,0.000154004
YAR002W,0.000184946
YAR007C,0.000395289
YAR015W,0.000638512
YAR042W,0.000326641
YBL004W,0.000241668
YBL007C,0.000660477
YBL015W,0.000140384
YBL017C,0.000595475
YBL020W,7.71809E-05
YBL022C,0.000372326
YBL023C,0.000196945
YBL024W,0.001529487
YBL026W,3.52779E-05
YBL028C,3.37707E-05
YBL029C-A,1.19448E-05
YBL030C,0.001409657
YBL032W,0.000216639
YBL033C,7.0227E-05
YBL035C,6.25856E-05
YBL036C,0.000104123
YBL039C,0.001018128
YBL041W,0.000193337
YBL045C,0.000495991
YBL047C,0.000677237
YBL050W,0.000205489
YBL051C,0.000236683
YBL054W,3.83387E-05
YBL055C,5.29866E-05
YBL056W,0.000101454
YBL057C,4.46569E-05
YBL058W,0.00018777
YBL059C-A,7.16537E-06
YBL064C,0.000376189
YBL068W,0.000280261
YBL069W,3.99596E-05
YBL075C,0.000291597
YBL076C,0.003138172
YBL079W,0.000365583
YBL085W,2.14435E-05
YBL086C,5.2745E-05
YBL090W,4.22668E-05
YBL091C,0.000343674
YBL092W,0.000935764
YBL093C,2.88463E-05
YBL098W,6.21729E-05
YBL099W,0.002564289
YBL103C,7.49603E-05
YBL104C,0.000127671
YBL105C,0.000105837
YBL107C,3.75329E-05
YBR003W,0.000217378
YBR006W,6.02135E-05
YBR011C,0.002087307
YBR015C,0.000155678
YBR016W,4.25E-07
YBR017C,0.000531056
YBR024W,6.98884E-06
YBR025C,0.001832623
YBR026C,0.000146464
YBR029C,3.19974E-05
YBR031W,0.000814165
YBR034C,8.76438E-05
YBR035C,0.000225578
YBR039W,0.000256462
YBR042C,2.30468E-05
YBR046C,0.000102788
YBR049C,0.000378523
YBR052C,6.89923E-05
YBR053C,0.000166597
YBR054W,5.77252E-05
YBR056W,0.000119373
YBR058C,0.000180325
YBR058C-A,1.79756E-05
YBR069C,0.000104311
YBR072W,0.000447928
YBR074W,0
YBR077C,2.63053E-05
YBR078W,0.000888661
YBR079C,0.0008389
YBR080C,0.000269538
YBR081C,0.001659507
YBR082C,4.34908E-05
YBR084W,0.000895063
YBR085C-A,2.69954E-05
YBR086C,0.000555947
YBR087W,5.80061E-05
YBR088C,0.000199714
YBR089C-A,9.67897E-05
YBR091C,2.29035E-05
YBR092C,0.000882913
YBR094W,0.000149985
YBR095C,0.000105902
YBR096W,4.25671E-05
YBR101C,0.000189653
YBR104W,4.17872E-05
YBR106W,0.000134003
YBR108W,0
YBR109C,0.000119818
YBR111C,0.000145052
YBR111W-A,1.9291E-05
YBR112C,0.000146386
YBR115C,0.004481076
YBR117C,0
YBR121C,0.002843841
YBR122C,1.16812E-05
YBR125C,1.29034E-05
YBR126C,0.000550547
YBR127C,0.002404982
YBR131W,0.000135366
YBR135W,6.76153E-05
YBR137W,1.63213E-05
YBR139W,0.000198678
YBR142W,0.00028089
YBR143C,0.000649836
YBR145W,0.000103537
YBR146W,4.24E-05
YBR149W,0.000490456
YBR151W,9.38621E-05
YBR154C,0.000282158
YBR155W,0.000126344
YBR159W,8.09468E-05
YBR160W,0.000119057
YBR162C,0.00052787
YBR164C,4.74491E-05
YBR166C,7.67869E-05
YBR167C,1.91246E-05
YBR169C,0.000392544
YBR170C,0.000169385
YBR171W,3.37011E-05
YBR172C,0.000107453
YBR173C,0
YBR176W,9.73837E-05
YBR177C,0.000299666
YBR185C,4.52226E-06
YBR188C,1.40905E-05
YBR189W,0.000324418
YBR191W,2.13255E-05
YBR196C,0.005123932
YBR198C,0.000189681
YBR199W,7.73829E-05
YBR200W,4.93573E-05
YBR204C,2.96479E-05
YBR205W,0.000122844
YBR212W,9.11366E-05
YBR214W,4.97584E-05
YBR218C,0.000897026
YBR221C,0.001608592
YBR222C,0.000325559
YBR227C,0.000206079
YBR229C,0.000191852
YBR230C,5.02392E-05
YBR231C,4.21756E-05
YBR233W,8.89873E-05
YBR233W-A,1.52159E-05
YBR234C,8.87531E-05
YBR236C,8.30908E-05
YBR238C,0
YBR244W,4.05975E-05
YBR245C,0.000187085
YBR246W,0.000117855
YBR247C,0.00025053
YBR248C,0.001562605
YBR249C,0.001474898
YBR251W,5.11562E-05
YBR252W,8.64946E-05
YBR253W,1.91843E-05
YBR256C,6.68853E-05
YBR258C,1.53306E-05
YBR260C,3.99792E-05
YBR261C,5.77036E-05
YBR262C,1.29665E-05
YBR263W,0.000941676
YBR265W,8.80765E-05
YBR267W,3.57305E-05
YBR269C,4.4383E-05
YBR272C,7.71683E-05
YBR273C,4.94224E-05
YBR278W,1.90595E-06
YBR281C,9.78565E-05
YBR283C,0.000301281
YBR286W,0.000858847
YCL001W,7.02904E-05
YCL005W-A,1.72129E-05
YCL008C,3.49606E-05
YCL009C,0.001137335
YCL011C,0.000190379
YCL017C,0.000323681
YCL024W,0
YCL026C-B,4.37236E-05
YCL028W,0.00021127
YCL029C,4.92864E-05
YCL030C,0.002005448
YCL031C,5.28444E-05
YCL033C,2.34755E-05
YCL034W,5.98012E-05
YCL035C,5.30789E-05
YCL037C,0.000671556
YCL040W,0.000743839
YCL043C,0.001581303
YCL044C,6.14763E-05
YCL045C,0.000225082
YCL050C,0.000580396
YCL054W,0.000251346
YCL057C-A,2.99732E-05
YCL057W,0.000358803
YCL059C,0.00016299
YCR002C,0.000249154
YCR004C,0.000449055
YCR005C,0.000201946
YCR009C,0.000185412
YCR012W,0.023612101
YCR017C,0.000140094
YCR020W-B,2.62044E-05
YCR028C-A,0.000256438
YCR030C,0.000302138
YCR031C,0
YCR034W,0.000103694
YCR035C,6.25235E-05
YCR036W,9.77757E-05
YCR046C,2.78715E-05
YCR047C,5.69732E-05
YCR048W,0.00016234
YCR051W,8.07919E-05
YCR052W,8.13912E-05
YCR053W,0.001639888
YCR057C,0.00024807
YCR060W,1.50423E-05
YCR068W,2.41748E-05
YCR071C,6.9319E-06
YCR072C,5.25563E-05
YCR073W-A,0.000121596
YCR075W-A,1.75207E-05
YCR076C,1.32608E-05
YCR077C,0.000249085
YCR083W,6.40839E-05
YCR084C,0.000421386
YCR086W,1.38755E-05
YCR087C-A,8.31585E-05
YCR088W,0.000702581
YCR090C,3.6787E-05
YCR093W,0.000493
YCR098C,0
YDL002C,3.12178E-06
YDL004W,0.000117717
YDL006W,2.73723E-05
YDL007W,0.000381004
YDL012C,0
YDL014W,0.00039523
YDL015C,7.89622E-05
YDL019C,0.000315451
YDL022W,0.000504476
YDL029W,0.000398763
YDL031W,0.000331441
YDL040C,0.001102022
YDL043C,2.35146E-05
YDL047W,6.02713E-05
YDL051W,0.000345436
YDL052C,7.95651E-05
YDL053C,4.43498E-05
YDL055C,0.004036546
YDL058W,0.000329216
YDL060W,0.000235505
YDL061C,7.37983E-05
YDL063C,0.000114289
YDL064W,4.00164E-05
YDL065C,0.000138376
YDL066W,0.00122028
YDL072C,0.000108361
YDL074C,3.25094E-05
YDL075W,0.000347138
YDL077C,5.92098E-05
YDL078C,0.000429956
YDL081C,0.000486732
YDL082W,7.28359E-05
YDL084W,0.001214632
YDL085C-A,1.60647E-05
YDL086W,0.000140402
YDL092W,3.9851E-05
YDL095W,0.000453339
YDL097C,0.000519337
YDL098C,2.07916E-05
YDL099W,5.41786E-05
YDL100C,0.000455299
YDL103C,0.000260261
YDL110C,1.80611E-05
YDL111C,3.34478E-05
YDL112W,0.000197824
YDL113C,4.10173E-05
YDL116W,0.000102437
YDL120W,6.18229E-05
YDL121C,5.65286E-05
YDL122W,0.000296193
YDL124W,0.000364268
YDL125C,0.00030031
YDL126C,0.003133271
YDL128W,3.75059E-05
YDL130W,0.00012292
YDL130W-A,3.72597E-05
YDL131W,0.001210446
YDL132W,0.000306884
YDL134C,7.22276E-05
YDL135C,0.000183
YDL137W,8.74678E-05
YDL140C,0.001334504
YDL143W,0.00043452
YDL144C,6.1321E-05
YDL145C,0.001124396
YDL147W,0.000311107
YDL150W,9.27738E-05
YDL153C,0.00018048
YDL157C,1.20515E-05
YDL160C,0.000761169
YDL161W,9.68926E-05
YDL164C,0.000216095
YDL165W,7.29728E-05
YDL166C,5.51762E-05
YDL167C,0.000124571
YDL168W,0.000248185
YDL171C,0.001807184
YDL173W,6.50391E-05
YDL174C,0.000211513
YDL178W,0.000226299
YDL181W,3.87374E-05
YDL182W,0.000912581
YDL185W,0.004870125
YDL189W,0
YDL190C,0.00200613
YDL192W,0.000303705
YDL195W,0.001158804
YDL198C,0.00026327
YDL199C,0.000411569
YDL201W,0.000160448
YDL202W,2.16848E-05
YDL203C,0
YDL204W,0
YDL205C,8.56E-05
YDL208W,0.00012362
YDL211C,4.89359E-06
YDL212W,3.20421E-05
YDL213C,0.00022097
YDL215C,0.000136189
YDL217C,1.96456E-05
YDL219W,5.14875E-05
YDL223C,4.0418E-05
YDL224C,8.31626E-05
YDL225W,0.000172234
YDL226C,0.000169969
YDL229W,0.011593094
YDL235C,9.13368E-05
YDL236W,0.000155474
YDL237W,5.19308E-05
YDR001C,0.00047733
YDR002W,0.000228845
YDR005C,2.55537E-05
YDR007W,1.91032E-05
YDR011W,0.000409448
YDR012W,0.000140127
YDR016C,1.62709E-05
YDR017C,9.15991E-05
YDR019C,0.000301832
YDR023W,0.001421053
YDR028C,0.000616937
YDR031W,1.72909E-05
YDR032C,0.000250933
YDR033W,0.000705942
YDR035W,0.00057953
YDR036C,0.000226065
YDR037W,0.002671176
YDR041W,3.40555E-05
YDR044W,8.06989E-05
YDR050C,0.00400685
YDR051C,7.10177E-05
YDR054C,7.31092E-05
YDR055W,0.000148485
YDR060W,0.000416167
YDR062W,0.000187917
YDR063W,9.34587E-05
YDR064W,0.002328257
YDR068W,2.72855E-05
YDR070C,4.28925E-06
YDR071C,0.000667491
YDR074W,0.000423813
YDR076W,0.000107438
YDR083W,7.19758E-05
YDR084C,4.35596E-05
YDR086C,0.000237981
YDR087C,2.27534E-05
YDR091C,0.000507988
YDR092W,9.38033E-05
YDR098C,0.000156926
YDR099W,0.00025286
YDR101C,0.000876122
YDR116C,3.3647E-05
YDR117C,9.76404E-05
YDR119W,7.01286E-05
YDR120C,0.000194569
YDR121W,4.84297E-05
YDR127W,0.00214661
YDR129C,0.000972985
YDR135C,0.000393138
YDR138W,0.000115094
YDR141C,0.000176482
YDR143C,1.91098E-05
YDR145W,0.00014928
YDR148C,0.000337876
YDR150W,0.000639665
YDR152W,6.64058E-05
YDR153C,9.54255E-05
YDR155C,0.000943266
YDR156W,2.06866E-05
YDR158W,0.001338519
YDR165W,0.000189697
YDR167W,1.90249E-05
YDR168W,0.000429714
YDR169C,0.000155625
YDR170C,0.000629891
YDR172W,0.000495274
YDR174W,0.000249273
YDR175C,8.14233E-05
YDR176W,3.00551E-05
YDR177W,0.000139239
YDR178W,5.02387E-05
YDR182W,0.000160125
YDR183W,4.31489E-05
YDR188W,0.000486789
YDR189W,0.000143559
YDR190C,0.000392284
YDR194C,0.000232725
YDR201W,6.01514E-05
YDR211W,0.000386894
YDR212W,0.000598767
YDR214W,0.000358086
YDR221W,0.000100311
YDR224C,5.18755E-06
YDR226W,0.001334052
YDR227W,5.68143E-06
YDR231C,3.07696E-05
YDR232W,0.00017261
YDR233C,0.001053577
YDR234W,0.000286398
YDR235W,0.00036929
YDR236C,3.48284E-05
YDR238C,0.000914008
YDR239C,6.84406E-05
YDR243C,5.66495E-05
YDR246W,2.05439E-05
YDR248C,3.17434E-05
YDR257C,4.94675E-05
YDR258C,0.000601325
YDR262W,0
YDR264C,0.000120287
YDR266C,0
YDR267C,1.04759E-05
YDR268W,4.28359E-05
YDR272W,5.18423E-05
YDR280W,8.12117E-05
YDR287W,4.52802E-05
YDR289C,4.81177E-05
YDR292C,0.000132697
YDR293C,0.000317058
YDR294C,0.000118671
YDR296W,6.89766E-05
YDR298C,0.000121281
YDR299W,0.000147351
YDR300C,0.00018019
YDR303C,4.76368E-05
YDR304C,0.000525706
YDR312W,0
YDR320C,0.00019022
YDR321W,0.000286651
YDR322C-A,3.95499E-05
YDR322W,0.000109377
YDR324C,0.00019269
YDR328C,0.000206385
YDR330W,5.59508E-05
YDR333C,9.15353E-05
YDR337W,4.6458E-05
YDR341C,0.002462865
YDR346C,0.000356133
YDR347W,8.79956E-05
YDR348C,0
YDR353W,0.000602705
YDR354W,0.000132897
YDR356W,5.8844E-05
YDR358W,0.000120204
YDR361C,6.76633E-05
YDR363W-A,5.99888E-07
YDR365C,6.40378E-05
YDR367W,1.41373E-05
YDR368W,0.000518071
YDR376W,7.05509E-05
YDR377W,7.14692E-05
YDR378C,7.3458E-05
YDR380W,0.000332142
YDR381C-A,1.00153E-05
YDR381W,0.000548668
YDR382W,0.000673827
YDR384C,3.61694E-05
YDR388W,0.00024928
YDR389W,3.15346E-05
YDR390C,0.000106358
YDR394W,0.000204081
YDR395W,0.000176474
YDR397C,2.45002E-05
YDR398W,0.000152655
YDR399W,0.000168206
YDR404C,5.69867E-05
YDR405W,3.81091E-05
YDR408C,6.59821E-05
YDR411C,2.52621E-05
YDR416W,0
YDR422C,1.47518E-05
YDR425W,0
YDR427W,0.000302299
YDR428C,6.19291E-05
YDR429C,0.00039865
YDR430C,0.00035451
YDR432W,0.000648552
YDR434W,3.10892E-05
YDR441C,1.79089E-05
YDR449C,4.69592E-05
YDR452W,0.000169723
YDR453C,1.88837E-05
YDR454C,0.000636479
YDR457W,0.000505063
YDR461C-A,1.60534E-05
YDR462W,2.18357E-05
YDR469W,9.55016E-05
YDR470C,0.000304638
YDR472W,5.1481E-05
YDR477W,0.000360482
YDR481C,0.000176012
YDR483W,0.00021957
YDR486C,0
YDR487C,0.000204705
YDR496C,0.000282013
YDR500C,0.000118357
YDR502C,0.000719426
YDR508C,0.000105668
YDR510W,0.000221214
YDR513W,0.000169769
YDR515W,0.000112754
YDR516C,0.0002452
YDR517W,7.16558E-05
YDR518W,0.000302434
YDR519W,0.000122496
YDR524C,0
YDR525W-A,5.34195E-06
YDR529C,5.66158E-05
YDR531W,0.000122561
YDR533C,0.000131881
YEL002C,0.000403339
YEL007W,0.000126265
YEL012W,7.46567E-06
YEL013W,0.000220988
YEL015W,0.000101862
YEL018W,5.33315E-06
YEL020W-A,5.95206E-05
YEL021W,0
YEL024W,8.69311E-05
YEL026W,0.000234271
YEL030W,0.000310623
YEL031W,0.001044642
YEL032W,0.000220314
YEL034W,0.000144327
YEL037C,0.00028188
YEL038W,7.80236E-05
YEL040W,0.000247379
YEL042W,0.000214513
YEL044W,3.0195E-05
YEL046C,0.00050895
YEL047C,0.000626358
YEL050C,1.26507E-05
YEL051W,0.000385381
YEL052W,0.00011427
YEL055C,0.000162493
YEL056W,6.01341E-05
YEL058W,0.000392756
YEL060C,0.00038923
YEL066W,0.000167706
YEL071W,0.001435561
YER001W,0.000119869
YER002W,5.9607E-05
YER003C,0.00102509
YER004W,0.000108773
YER006W,0.00041545
YER007C-A,0.000217847
YER009W,0.000859388
YER010C,6.30302E-05
YER012W,0.000157269
YER014W,0.00044918
YER019C-A,1.79959E-05
YER019W,1.9767E-05
YER021W,0.000507322
YER023W,0.000351088
YER025W,0.001509941
YER029C,3.45975E-05
YER030W,2.92448E-05
YER031C,4.0789E-05
YER034W,2.16124E-05
YER036C,0.001159714
YER042W,0.000183081
YER043C,0.003753753
YER044C,2.82819E-05
YER048C,0.00027824
YER048W-A,7.43824E-05
YER049W,0.000532396
YER052C,0.000449016
YER055C,0.000520202
YER056C,7.74291E-05
YER057C,0.000207961
YER061C,2.98858E-05
YER062C,0.000223818
YER063W,0.00016641
YER067W,4.91145E-06
YER068W,0.000129089
YER069W,0.000648555
YER070W,0.000624701
YER072W,0.000202102
YER073W,0.000516564
YER074W-A,2.74097E-07
YER078C,4.90624E-05
YER079W,1.35448E-05
YER080W,0.000500395
YER081W,0.000417262
YER082C,0.000107114
YER083C,6.72271E-05
YER086W,0.000706163
YER088C,0.000116895
YER089C,0.000192079
YER090W,0.00089839
YER091C,0.011632335
YER092W,1.21702E-05
YER094C,0.00016252
YER099C,0.000116234
YER100W,0
YER101C,0.000147167
YER103W,0.000112876
YER105C,8.53525E-05
YER110C,0.002204897
YER112W,9.62505E-05
YER114C,0.00012592
YER120W,0.000221585
YER122C,0.000236235
YER123W,3.58741E-05
YER125W,0.003181306
YER131W,1.33298E-05
YER133W,0.000192133
YER134C,7.69874E-05
YER136W,0.000528305
YER139C,4.23884E-05
YER143W,0.000117967
YER145C,1.84591E-05
YER146W,7.76569E-05
YER148W,5.91196E-05
YER151C,0.000321294
YER152C,0.000150069
YER155C,0.000351959
YER156C,0.000284968
YER159C,3.18792E-05
YER161C,2.06418E-05
YER163C,9.19329E-05
YER164W,0.000189236
YER165W,0.002328747
YER166W,0.000148862
YER168C,0.001103913
YER174C,2.81038E-05
YER175C,3.34705E-05
YER176W,0.000300149
YER177W,0.000713333
YER178W,0.001057313
YER182W,3.17381E-05
YFL001W,4.68798E-05
YFL002C,6.32416E-05
YFL004W,0.000380364
YFL005W,0.000255711
YFL007W,0.000240372
YFL008W,0.000280269
YFL010C,0.000104865
YFL014W,0.00022947
YFL016C,8.86848E-05
YFL017C,8.14528E-05
YFL017W-A,1.67083E-06
YFL018C,0.000497148
YFL022C,0.000899532
YFL023W,0.00011953
YFL028C,8.37189E-05
YFL034C-A,6.34288E-05
YFL037W,0.001166528
YFL038C,0.000300118
YFL039C,0.004852947
YFL041W,0.00010665
YFL044C,2.97745E-05
YFL045C,0.000936705
YFL047W,0.000101776
YFL048C,0.000199582
YFR001W,7.68798E-05
YFR002W,0.000189548
YFR003C,6.62832E-05
YFR004W,0.000357696
YFR006W,0.000146932
YFR009W,0.000475692
YFR010W,0.000270019
YFR011C,3.43021E-05
YFR013W,0.00010451
YFR014C,5.53974E-05
YFR016C,0.000151671
YFR024C-A,0.000210786
YFR025C,8.64363E-06
YFR028C,7.49034E-05
YFR030W,0.000216285
YFR033C,1.9381E-05
YFR034C,2.05424E-05
YFR037C,0.000348467
YFR040W,0.000100004
YFR041C,1.39535E-05
YFR044C,0.001198857
YFR047C,0.000139365
YFR049W,1.28473E-06
YFR050C,0.000130764
YFR051C,0.000344804
YFR052W,0.000156025
YFR053C,0.000310575
YGL001C,8.63948E-05
YGL005C,4.42011E-05
YGL008C,0.002766421
YGL009C,0.001612825
YGL011C,0.000173216
YGL014W,0.000211549
YGL016W,8.29491E-05
YGL018C,1.1319E-05
YGL019W,7.8842E-05
YGL020C,1.57637E-05
YGL022W,0.000221471
YGL023C,1.6344E-05
YGL025C,2.07914E-05
YGL026C,0.001472223
YGL027C,0.000263373
YGL028C,0.000150443
YGL030W,0.001379682
YGL031C,8.6691E-05
YGL035C,7.43993E-05
YGL037C,0.000231058
YGL038C,1.65958E-05
YGL039W,6.69366E-05
YGL040C,0.000177445
YGL043W,0.000110464
YGL048C,0.000327785
YGL049C,0.000246818
YGL050W,3.88413E-05
YGL054C,5.34962E-05
YGL055W,0.000302047
YGL056C,0.000126279
YGL061C,2.2655E-05
YGL062W,0.00078205
YGL063W,2.02906E-05
YGL066W,0.001073199
YGL067W,8.75263E-05
YGL068W,0.000173555
YGL070C,3.6146E-05
YGL073W,3.81703E-05
YGL076C,0.001404984
YGL078C,0.000533887
YGL082W,4.54519E-05
YGL084C,0.000105411
YGL087C,6.60338E-05
YGL092W,0.000228757
YGL097W,0.00017917
YGL099W,0.000351921
YGL100W,9.40442E-05
YGL101W,3.47064E-05
YGL103W,0.001362163
YGL105W,0.001555885
YGL106W,0.000266625
YGL108C,3.58784E-05
YGL111W,0.000115177
YGL112C,0.000124784
YGL115W,0.000174984
YGL117W,2.70841E-05
YGL119W,2.83255E-05
YGL120C,0.000358204
YGL122C,0.000138437
YGL123W,0.00226932
YGL125W,0.000274949
YGL129C,0.000191855
YGL130W,9.20802E-05
YGL137W,0.000786541
YGL141W,8.44336E-05
YGL145W,0.00018212
YGL147C,0.000628904
YGL148W,0.000541175
YGL150C,0.000269162
YGL153W,6.22334E-05
YGL157W,0.000164612
YGL164C,0.001220289
YGL167C,0.000240758
YGL171W,0.000175021
YGL173C,0.000985771
YGL174W,2.05042E-05
YGL181W,2.42344E-05
YGL184C,6.06998E-05
YGL185C,1.77935E-05
YGL187C,5.74672E-05
YGL189C,1.86814E-05
YGL190C,8.80068E-05
YGL191W,1.48015E-05
YGL195W,0.002868964
YGL196W,8.03507E-06
YGL198W,1.97679E-05
YGL200C,0.000112988
YGL201C,0.000216822
YGL202W,0.002093479
YGL206C,0.00198685
YGL207W,0.000649719
YGL210W,3.4023E-05
YGL213C,0.000112451
YGL220W,5.20394E-05
YGL221C,0.000130571
YGL226C-A,0
YGL228W,0.000209376
YGL231C,9.47227E-05
YGL232W,7.91229E-05
YGL234W,0.001941891
YGL238W,0.000216057
YGL242C,8.49491E-05
YGL244W,0.000234196
YGL245W,0.002924946
YGL246C,0.000121463
YGL248W,3.77561E-05
YGL252C,0.000178029
YGL253W,0.006118446
YGL255W,2.93087E-05
YGR001C,0.000128497
YGR005C,6.64037E-05
YGR008C,4.43966E-06
YGR009C,8.29297E-05
YGR012W,4.5114E-05
YGR017W,5.72437E-05
YGR019W,0.000151511
YGR020C,0.000169532
YGR028W,1.2812E-05
YGR029W,4.61625E-05
YGR031W,2.15576E-05
YGR034W,0.000519442
YGR037C,0.000244242
YGR043C,2.06794E-05
YGR048W,0.000242319
YGR054W,0.00028742
YGR055W,5.55389E-05
YGR061C,0.002371732
YGR063C,1.77064E-05
YGR070W,0.000186787
YGR076C,2.00908E-05
YGR078C,8.95398E-05
YGR080W,0.00013713
YGR081C,4.52091E-05
YGR082W,0.000201481
YGR083C,0.000155878
YGR084C,2.81076E-05
YGR086C,0.001389265
YGR087C,0.000795831
YGR090W,0.000288842
YGR092W,2.38135E-05
YGR094W,0.002273224
YGR095C,8.75944E-05
YGR098C,0.000224549
YGR103W,0.000360286
YGR104C,2.79837E-05
YGR106C,3.15138E-05
YGR111W,4.86512E-05
YGR116W,0.001439981
YGR117C,9.98052E-05
YGR119C,0.000229514
YGR120C,1.42E-05
YGR123C,0.000195561
YGR124W,0.001091838
YGR128C,0.000193692
YGR129W,0
YGR130C,0.000192592
YGR132C,0.000294675
YGR135W,0.000433949
YGR136W,0.000114301
YGR145W,0.000167996
YGR148C,0.000101256
YGR152C,5.04746E-05
YGR155W,0.001376465
YGR156W,4.4114E-05
YGR157W,0.000227252
YGR158C,5.01716E-05
YGR159C,0.000525724
YGR162W,0.001326273
YGR163W,4.90912E-05
YGR167W,0.000168243
YGR169C-A,5.04357E-05
YGR173W,0.000262949
YGR175C,0.000242739
YGR177C,5.15688E-05
YGR178C,0.000194902
YGR180C,0.001042897
YGR181W,4.51117E-05
YGR185C,0.000673375
YGR186W,0.000178259
YGR187C,0.000166639
YGR189C,7.56741E-05
YGR192C,0.002475977
YGR193C,7.41271E-05
YGR194C,6.12582E-05
YGR195W,6.48321E-05
YGR197C,1.8945E-05
YGR198W,0.000191243
YGR199W,0.000313675
YGR200C,0.000293268
YGR202C,7.99112E-06
YGR203W,2.48886E-05
YGR204W,0.003140084
YGR205W,7.44326E-05
YGR207C,0.000109476
YGR208W,0.000109873
YGR209C,0.000234874
YGR210C,9.99607E-05
YGR211W,0.000949017
YGR215W,1.49656E-05
YGR218W,0.000539453
YGR220C,2.41219E-05
YGR229C,0.000232253
YGR231C,0.000307009
YGR232W,0.000123668
YGR233C,7.28026E-05
YGR234W,0.000887779
YGR235C,6.26115E-05
YGR240C,0.003171287
YGR244C,0.000163056
YGR248W,1.82553E-05
YGR250C,0.000137923
YGR253C,0.00021178
YGR254W,0.002306757
YGR261C,0.000144061
YGR262C,1.86607E-05
YGR264C,0.001217394
YGR266W,0.000213027
YGR267C,9.14304E-05
YGR268C,1.22586E-05
YGR270W,6.98526E-05
YGR271W,0.000149176
YGR275W,2.88425E-05
YGR276C,1.51905E-05
YGR277C,9.83104E-05
YGR279C,0.000275053
YGR280C,6.8591E-05
YGR282C,0.00063499
YGR284C,9.82572E-05
YGR285C,0.000883263
YHL001W,0.000231572
YHL002W,8.06909E-05
YHL007C,0.000110109
YHL009C,5.40636E-07
YHL011C,0.000333154
YHL014C,4.06369E-06
YHL015W,0.002071648
YHL021C,0.000116191
YHL025W,1.07154E-06
YHL030W,0.000392533
YHL031C,8.20747E-05
YHL033C,0.00076289
YHL034C,0.000711737
YHL039W,0.000133797
YHR001W,0.00016595
YHR001W-A,2.03618E-06
YHR003C,4.855E-05
YHR005C-A,1.68927E-05
YHR007C,0.00039837
YHR008C,0.000245596
YHR009C,0.000135829
YHR010W,0.000147094
YHR012W,8.08526E-05
YHR019C,0.001339059
YHR020W,0.001565329
YHR023W,0.000114808
YHR024C,0.000110843
YHR025W,0.000564722
YHR027C,0.000738563
YHR028C,0.000166894
YHR029C,0.00010112
YHR030C,2.70178E-05
YHR034C,3.57651E-05
YHR037W,0.000158023
YHR038W,2.42768E-05
YHR039C,0.000215089
YHR039C-A,0.000163896
YHR041C,7.45745E-05
YHR042W,0.00061508
YHR046C,6.35291E-05
YHR047C,0.000496817
YHR049W,0.000158899
YHR051W,7.85523E-05
YHR052W,0.000164871
YHR056C,5.86713E-05
YHR057C,1.91496E-05
YHR058C,2.82516E-05
YHR060W,3.70643E-05
YHR062C,3.98386E-05
YHR063C,0.000221326
YHR064C,0.001970325
YHR065C,0.000303891
YHR066W,0
YHR068W,0.000738064
YHR069C,4.35902E-05
YHR070W,9.6949E-05
YHR072W-A,2.7129E-05
YHR073W,4.98908E-05
YHR074W,0.000197159
YHR076W,6.2856E-05
YHR077C,0
YHR081W,4.14484E-05
YHR085W,1.89241E-05
YHR087W,3.29208E-05
YHR088W,0.000110502
YHR089C,0.000116688
YHR098C,0.000340221
YHR104W,0.000197682
YHR106W,0.000150534
YHR107C,0.000316838
YHR108W,0.000197212
YHR110W,1.72111E-05
YHR111W,7.5589E-05
YHR112C,7.56728E-05
YHR113W,0.000121324
YHR114W,0.000125605
YHR117W,0.000142092
YHR118C,2.33373E-05
YHR121W,8.32909E-05
YHR122W,2.81165E-05
YHR123W,5.62744E-05
YHR127W,4.44642E-05
YHR128W,0.000380251
YHR132C,0.000176715
YHR132W-A,1.99474E-05
YHR135C,0.000106678
YHR137W,0.000749466
YHR138C,1.24741E-05
YHR143W-A,6.94739E-05
YHR144C,0.000141726
YHR146W,0.000277528
YHR148W,9.70359E-05
YHR152W,4.10241E-06
YHR158C,0.00022314
YHR161C,6.99818E-05
YHR162W,1.06677E-05
YHR163W,0.000221957
YHR167W,6.09948E-05
YHR169W,0.000136758
YHR170W,0.000451538
YHR174W,0.012924302
YHR179W,0.002524901
YHR183W,0.002145141
YHR187W,4.29198E-05
YHR188C,0.000294658
YHR190W,0.000308361
YHR191C,1.55071E-05
YHR193C,0.000802792
YHR196W,0.000287116
YHR198C,3.62172E-05
YHR199C,0.000143888
YHR200W,0.000209733
YHR201C,0.000195207
YHR202W,5.59675E-05
YHR208W,0.001258689
YHR216W,0.000257446
YIL005W,0.000162333
YIL007C,9.63059E-06
YIL009W,3.71547E-05
YIL010W,0.000100492
YIL014W,5.51541E-05
YIL021W,0.000142587
YIL022W,0.000321433
YIL030C,0.000237825
YIL033C,0.000314873
YIL034C,0.000160492
YIL035C,5.63085E-05
YIL036W,8.47947E-05
YIL038C,0.000203265
YIL041W,0.000517147
YIL043C,0.000161356
YIL044C,3.29613E-05
YIL048W,0
YIL051C,0.000388973
YIL053W,0.000826729
YIL062C,0.00021722
YIL063C,9.52918E-05
YIL064W,7.53421E-05
YIL065C,3.36269E-05
YIL070C,0.00010402
YIL074C,0.000292063
YIL075C,0.00091064
YIL076W,0.000151618
YIL078W,0.002005239
YIL083C,0.000114527
YIL084C,3.7653E-05
YIL091C,0.000276824
YIL093C,3.98151E-05
YIL094C,0.000605427
YIL095W,4.62757E-05
YIL103W,8.96884E-05
YIL105C,6.70579E-05
YIL108W,0.000178667
YIL109C,0.000387431
YIL110W,9.28133E-05
YIL111W,2.05208E-05
YIL115C,0.000306142
YIL116W,0.000313354
YIL118W,7.75884E-05
YIL121W,8.37743E-05
YIL123W,0.000199141
YIL124W,5.82616E-05
YIL125W,0.000652548
YIL126W,0.000324182
YIL131C,3.74176E-05
YIL133C,0.000677492
YIL135C,1.87328E-06
YIL136W,7.4829E-05
YIL137C,0.0004709
YIL138C,7.40587E-05
YIL142W,0.000765794
YIL145C,0.000154585
YIL155C,0.000102377
YIL161W,3.18468E-05
YIL162W,0.000164838
YIL169C,0
YIR001C,9.75749E-05
YIR003W,0.000179349
YIR004W,7.15701E-05
YIR006C,0.000525451
YIR012W,0.000235516
YIR022W,7.54996E-06
YIR026C,0.000103754
YIR030C,0
YIR035C,4.36139E-05
YIR036C,8.04253E-05
YIR037W,0.000182043
YIR038C,6.2906E-05
YJL001W,0.000190792
YJL005W,0.000190817
YJL008C,0.00086342
YJL010C,8.61046E-05
YJL011C,5.87008E-05
YJL012C,0.000656676
YJL014W,0.000641992
YJL020C,0.000646935
YJL024C,4.27257E-05
YJL026W,0.000488848
YJL031C,3.72765E-05
YJL033W,0.000222684
YJL034W,0.001666696
YJL036W,0.000153987
YJL039C,0.000283999
YJL041W,0.000545099
YJL042W,6.56612E-05
YJL050W,0.000432091
YJL052W,0.000327954
YJL053W,1.22039E-05
YJL055W,0.000141709
YJL060W,0.000223104
YJL062W-A,1.84044E-05
YJL063C,4.31228E-05
YJL066C,5.80475E-05
YJL068C,0.000146826
YJL069C,0.000121007
YJL074C,0.00015431
YJL076W,0.000485297
YJL079C,1.55945E-05
YJL080C,0.001942953
YJL081C,0.000120484
YJL082W,6.16649E-05
YJL088W,0.000128117
YJL101C,0.00027718
YJL104W,4.26598E-05
YJL109C,0.000977391
YJL111W,0.000614588
YJL112W,0.000199467
YJL115W,0.00011971
YJL117W,0.000196687
YJL121C,0.000110803
YJL123C,0.000510333
YJL124C,6.44564E-05
YJL125C,0.000103434
YJL128C,5.88347E-05
YJL130C,0.00662344
YJL136C,0.00048802
YJL140W,9.48668E-05
YJL145W,0.000122679
YJL148W,0.000254007
YJL153C,8.94726E-05
YJL154C,0.000198715
YJL159W,0.000217541
YJL164C,3.38831E-05
YJL165C,7.44562E-05
YJL167W,0.00093625
YJL168C,0.004150856
YJL171C,0.000186206
YJL172W,0.000544193
YJL173C,3.43641E-05
YJL174W,0.000162742
YJL176C,0.000144904
YJL177W,0.000546866
YJL178C,5.57515E-05
YJL179W,4.08106E-05
YJL183W,0.000169949
YJL184W,2.94168E-05
YJL186W,0.000213095
YJL189W,1.24403E-05
YJL191W,0.000200579
YJL200C,0.001063138
YJL203W,3.36601E-05
YJL205C,6.84794E-06
YJL208C,9.41661E-05
YJL217W,8.6444E-05
YJL218W,1.60385E-05
YJR001W,0.00010102
YJR002W,0.000195536
YJR003C,0.000104071
YJR006W,0.000100921
YJR007W,0.000544132
YJR009C,0.000469714
YJR010C-A,1.82143E-05
YJR014W,9.9731E-05
YJR016C,0.001706085
YJR017C,9.96353E-05
YJR019C,7.70404E-05
YJR024C,2.52658E-05
YJR025C,0.000111023
YJR032W,5.34952E-05
YJR034W,4.40654E-07
YJR045C,0.007022808
YJR046W,8.5117E-05
YJR048W,0
YJR051W,0.00016315
YJR057W,0
YJR058C,1.52799E-05
YJR059W,0.000165119
YJR060W,0.000103714
YJR063W,0.000106191
YJR064W,0.000406734
YJR065C,0.000270264
YJR068W,0.000122054
YJR069C,0.000118636
YJR070C,0.000655728
YJR072C,0.000148453
YJR074W,7.72136E-05
YJR075W,0.000100733
YJR076C,0.000161335
YJR077C,0.000337984
YJR078W,9.43089E-06
YJR080C,0.000352277
YJR082C,5.7895E-06
YJR085C,1.033E-05
YJR088C,5.49535E-05
YJR091C,7.90013E-05
YJR093C,1.76644E-05
YJR096W,3.69217E-05
YJR099W,4.31446E-05
YJR101W,5.06343E-05
YJR103W,0.000199829
YJR104C,0.002638677
YJR105W,0.001621025
YJR109C,0.004491454
YJR111C,4.00271E-05
YJR112W,7.19187E-06
YJR113C,6.18794E-05
YJR117W,0.000297083
YJR118C,2.26207E-05
YJR121W,0.002028937
YJR123W,0.003521122
YJR125C,0.000315022
YJR131W,2.0036E-05
YJR132W,0.000121712
YJR133W,1.08571E-05
YJR135W-A,6.02256E-05
YJR137C,0.000369736
YJR139C,0.001291689
YJR143C,0.000192543
YJR144W,0.000106964
YJR148W,0.00036962
YKL002W,5.00776E-05
YKL003C,0
YKL006W,0.000570956
YKL007W,0.000125665
YKL009W,0.000309443
YKL010C,0.000123979
YKL013C,9.75021E-05
YKL016C,0.000108122
YKL018W,2.39634E-05
YKL019W,9.60956E-05
YKL021C,8.76985E-05
YKL024C,0.000203188
YKL025C,0
YKL027W,0.000186602
YKL028W,1.63485E-05
YKL029C,0.000400007
YKL033W-A,0.000192151
YKL035W,0.000987569
YKL040C,0.000122925
YKL042W,4.50016E-05
YKL046C,0.000150585
YKL053C-A,2.07944E-06
YKL054C,0.000199135
YKL056C,0.001462768
YKL057C,7.5481E-05
YKL058W,3.38387E-05
YKL060C,0.009741716
YKL062W,1.88397E-05
YKL063C,3.66184E-05
YKL065C,6.86714E-05
YKL067W,0.000311978
YKL068W,0.000164471
YKL069W,3.08819E-05
YKL073W,0.000261961
YKL077W,0.000203978
YKL080W,0.00053868
YKL081W,0.002966429
YKL082C,0.000234555
YKL085W,0.000392487
YKL089W,0.000354001
YKL091C,3.20618E-05
YKL094W,9.73302E-05
YKL096W,9.66655E-05
YKL099C,4.43701E-05
YKL103C,0.000334607
YKL104C,0.000619643
YKL106W,9.32077E-05
YKL112W,0.00012845
YKL113C,5.99917E-05
YKL114C,8.83116E-05
YKL117W,0.0002191
YKL122C,7.9415E-05
YKL126W,0.000141002
YKL127W,0.000671593
YKL128C,0.00015304
YKL129C,0.000405082
YKL130C,3.97451E-05
YKL135C,1.20063E-05
YKL137W,1.69327E-05
YKL138C-A,5.33941E-06
YKL140W,0.000146631
YKL141W,3.92027E-05
YKL142W,0.000190725
YKL143W,0.00014415
YKL145W,0.000382945
YKL148C,0.000152957
YKL150W,0.000143547
YKL151C,4.89812E-05
YKL152C,0.008270643
YKL154W,2.73119E-05
YKL157W,0.000685911
YKL160W,2.8567E-05
YKL164C,3.78372E-05
YKL165C,0.00030956
YKL166C,7.01214E-05
YKL167C,7.25367E-06
YKL170W,7.41353E-06
YKL172W,0.000113894
YKL173W,5.75835E-05
YKL175W,3.18349E-05
YKL179C,9.92764E-05
YKL180W,0.000915828
YKL181W,0.000284884
YKL182W,0.011928488
YKL184W,7.41602E-05
YKL190W,5.50059E-05
YKL191W,9.33622E-05
YKL192C,0.000154847
YKL193C,0.000128497
YKL195W,0.000111729
YKL196C,0.000723989
YKL204W,0.000129196
YKL206C,6.08788E-05
YKL209C,0.000117752
YKL210W,0.002420423
YKL211C,0.000803305
YKL212W,0.000355014
YKL213C,0.000110222
YKL214C,6.90215E-05
YKL215C,0.000787171
YKL216W,0.001329987
YKR001C,0.001005328
YKR002W,8.80147E-05
YKR003W,5.58495E-05
YKR006C,7.00384E-05
YKR008W,0.000117727
YKR013W,7.47898E-05
YKR014C,0.000209648
YKR016W,0.000160379
YKR018C,0.000441901
YKR023W,4.0141E-05
YKR025W,6.32839E-05
YKR026C,7.34085E-05
YKR028W,9.03981E-05
YKR029C,0.000457888
YKR035W-A,7.80393E-05
YKR036C,2.00467E-05
YKR042W,0.000494222
YKR043C,0.000241387
YKR046C,4.80585E-05
YKR048C,0.000387124
YKR049C,1.15187E-05
YKR054C,0.00058788
YKR057W,0.000229828
YKR062W,6.28639E-05
YKR066C,0.00022314
YKR068C,6.53797E-05
YKR070W,0.000170562
YKR071C,0.000186281
YKR072C,0.000146604
YKR074W,8.9311E-05
YKR080W,0.000120675
YKR081C,0.000295357
YKR082W,0.000230608
YKR084C,0.000254605
YKR089C,5.28695E-05
YKR092C,0.000176649
YKR095W,0.000511062
YKR095W-A,3.95237E-05
YLL001W,0.000205558
YLL003W,0
YLL006W,5.27589E-05
YLL008W,0.00042797
YLL009C,1.0118E-05
YLL011W,0.000127456
YLL013C,0.000165175
YLL015W,0.000219155
YLL018C,0.002750382
YLL021W,0.000273825
YLL022C,5.40503E-05
YLL024C,0.012336234
YLL026W,0.002055951
YLL029W,0.000172425
YLL034C,0.000140592
YLL036C,0.000147799
YLL038C,2.23919E-05
YLL039C,0.000130629
YLL040C,0.000494512
YLL041C,9.03996E-05
YLL045C,0.001219111
YLL048C,0.000598424
YLL050C,0.001260467
YLL056C,0.000305438
YLL062C,4.37818E-05
YLR002C,8.52794E-05
YLR003C,8.93909E-05
YLR008C,5.61629E-05
YLR009W,0.000142525
YLR011W,1.94307E-06
YLR017W,0.000371027
YLR022C,6.2991E-05
YLR025W,7.34752E-05
YLR026C,6.70858E-05
YLR027C,0.000831851
YLR028C,0.000430642
YLR029C,0.001962342
YLR033W,7.85754E-05
YLR034C,0
YLR043C,0.000187193
YLR044C,0.017188937
YLR045C,8.51481E-05
YLR052W,2.12503E-05
YLR055C,9.65245E-05
YLR056W,0.000259583
YLR057W,0.000114589
YLR058C,0.00420538
YLR059C,8.07413E-05
YLR060W,0.001187906
YLR061W,0.000325617
YLR066W,5.72134E-05
YLR069C,0.000501379
YLR075W,0.001178975
YLR078C,2.40707E-05
YLR089C,0.00037134
YLR095C,8.58616E-05
YLR096W,4.07219E-05
YLR100W,0.000156759
YLR104W,1.94956E-05
YLR106C,0.001608137
YLR109W,0.00066073
YLR113W,0.000131335
YLR119W,3.30106E-05
YLR129W,0.000123814
YLR133W,0.000117099
YLR134W,0.000530049
YLR144C,9.88548E-05
YLR147C,5.44103E-05
YLR150W,0.001241978
YLR153C,0.001454463
YLR154C,1.28412E-05
YLR163C,0.000121955
YLR167W,0.001059149
YLR172C,0.000311555
YLR174W,3.64965E-05
YLR175W,0.000393778
YLR178C,7.05822E-05
YLR179C,0.000366772
YLR180W,0.001080895
YLR181C,2.89261E-05
YLR185W,0.000192967
YLR186W,7.30097E-05
YLR187W,2.99018E-05
YLR188W,1.813E-05
YLR192C,0.000393453
YLR195C,7.88348E-05
YLR196W,0.000341422
YLR197W,0.001202024
YLR199C,5.95176E-05
YLR200W,0.000176868
YLR201C,5.01856E-05
YLR203C,6.94389E-05
YLR206W,0.000193951
YLR208W,0.000523947
YLR209C,7.67903E-05
YLR211C,4.42664E-05
YLR212C,3.4406E-05
YLR214W,3.01483E-05
YLR216C,0.000760286
YLR221C,0.00011203
YLR222C,0.000162381
YLR229C,9.75474E-05
YLR231C,0.000123505
YLR241W,0.000122606
YLR244C,0.000465311
YLR248W,0.00027577
YLR249W,0.017620622
YLR250W,0.00012604
YLR257W,0.000216097
YLR258W,0.00013365
YLR259C,0.003541248
YLR262C,7.05653E-05
YLR262C-A,2.21906E-05
YLR268W,4.1034E-05
YLR270W,0.000147146
YLR275W,2.09031E-05
YLR276C,0.000225366
YLR277C,0.000178164
YLR285W,4.74776E-05
YLR286C,0.000960145
YLR290C,1.54919E-05
YLR291C,0.000181495
YLR292C,0.000158222
YLR293C,0.000481006
YLR295C,1.14467E-05
YLR300W,0.000149293
YLR301W,0.000533566
YLR304C,0.004435166
YLR306W,1.24797E-05
YLR309C,0.000207186
YLR312W-A,3.05629E-05
YLR314C,0.000303268
YLR319C,6.5746E-05
YLR321C,0.000113375
YLR324W,7.16843E-05
YLR325C,0.000877704
YLR328W,8.76009E-05
YLR330W,0.000215226
YLR335W,0.00029763
YLR337C,0.00014114
YLR340W,0.00743032
YLR342W,0.001778939
YLR344W,0.000465936
YLR347C,0.000599585
YLR348C,7.60665E-05
YLR351C,0.000137675
YLR354C,0.00100824
YLR355C,0.002655278
YLR356W,1.18973E-05
YLR357W,9.98587E-05
YLR359W,0.000568693
YLR361C-A,3.61366E-05
YLR363W-A,1.76923E-05
YLR364W,3.67204E-05
YLR369W,0.00010953
YLR370C,0.000104706
YLR372W,0.000138923
YLR378C,0.000288117
YLR380W,0.000221053
YLR384C,0.000658547
YLR387C,0.000119413
YLR388W,0.000207797
YLR389C,0.00036109
YLR390W,2.78518E-05
YLR390W-A,7.75726E-05
YLR393W,1.52558E-05
YLR395C,1.19186E-05
YLR398C,0.00040792
YLR399C,0.000121696
YLR406C,0.000138952
YLR407W,6.25833E-05
YLR409C,0.000235813
YLR410W,0.000363451
YLR418C,6.68302E-05
YLR419W,0.00013048
YLR420W,0.000487016
YLR421C,0.000135781
YLR429W,0.00047649
YLR432W,0.000842111
YLR433C,9.9474E-05
YLR437C,1.54115E-05
YLR438C-A,7.99331E-06
YLR438W,0.000360498
YLR439W,0
YLR441C,0.000925679
YLR447C,0.000537278
YLR448W,0.001169614
YLR449W,0.000463671
YLR459W,4.44706E-05
YLR460C,7.79033E-05
YML001W,0.00022389
YML004C,6.47222E-05
YML008C,0.000713497
YML009C,4.10815E-05
YML010W,0.000850894
YML012W,4.03963E-05
YML013W,7.16862E-05
YML014W,4.85987E-05
YML017W,0.000152641
YML022W,0.000206951
YML025C,7.29753E-05
YML028W,0.002657576
YML030W,1.80883E-05
YML031W,7.81913E-05
YML034W,6.11192E-05
YML035C,0.000232488
YML036W,4.86611E-05
YML048W,0.000284423
YML052W,0.000176214
YML056C,0.000799358
YML057W,0.000139559
YML058W,1.18734E-05
YML063W,0.001249666
YML067C,5.31326E-05
YML069W,0.000225493
YML070W,0.000595888
YML072C,0.000861128
YML073C,0.000967611
YML074C,0.001063979
YML075C,0.000169961
YML078W,0.00014815
YML079W,5.8132E-05
YML081C-A,2.84766E-05
YML082W,0.005690729
YML085C,0.000571622
YML086C,0.000355283
YML092C,0.000509838
YML093W,0.00030914
YML094W,0.00010843
YML098W,1.68833E-05
YML100W,0.000444263
YML101C,1.93223E-05
YML103C,0.000160808
YML105C,0.000135175
YML106W,0.000176202
YML110C,7.7902E-05
YML112W,2.24484E-05
YML115C,0.000133099
YML120C,0.000105395
YML124C,0.000246574
YML125C,0.000119009
YML126C,0.001605674
YML127W,0.000101319
YML131W,0.00011595
YMR002W,5.60662E-05
YMR004W,7.90459E-05
YMR005W,4.37642E-05
YMR008C,0.000242767
YMR009W,1.98006E-05
YMR011W,4.93155E-05
YMR012W,0.001459716
YMR015C,0.000126165
YMR016C,7.44768E-05
YMR020W,3.12534E-05
YMR021C,0.000215437
YMR022W,4.12236E-05
YMR024W,7.42079E-05
YMR027W,0.000248226
YMR029C,5.90253E-05
YMR031C,0.00052469
YMR037C,2.58783E-05
YMR038C,0.000333767
YMR039C,8.07236E-05
YMR044W,5.93283E-05
YMR047C,0.000185446
YMR049C,0.001016861
YMR054W,0.000143472
YMR058W,0.000211261
YMR061W,3.41658E-05
YMR062C,0.000542772
YMR067C,0.00045962
YMR070W,3.13618E-05
YMR072W,0.000228106
YMR073C,3.73312E-05
YMR079W,0.000331702
YMR080C,0.000228555
YMR083W,0.000765312
YMR086W,0.000122671
YMR091C,0.000207001
YMR092C,0.000501955
YMR093W,0.000136807
YMR096W,0.000156791
YMR099C,0.000738465
YMR102C,4.16067E-05
YMR105C,0.000252386
YMR106C,2.48408E-05
YMR108W,0.001448609
YMR109W,0.000241903
YMR110C,0.000177648
YMR112C,2.18844E-05
YMR116C,0.004106689
YMR120C,0.000762926
YMR124W,0.000113962
YMR125W,0.000430984
YMR128W,0.000186031
YMR129W,0.000263461
YMR130W,3.45586E-05
YMR131C,0.000258248
YMR135C,3.61763E-05
YMR140W,3.41392E-05
YMR142C,0.001455793
YMR145C,0.000382801
YMR146C,0.000384301
YMR149W,0.000159157
YMR152W,0.000101245
YMR153W,4.19933E-05
YMR157C,2.55931E-05
YMR158W,2.74058E-05
YMR159C,8.68256E-06
YMR161W,3.24771E-05
YMR163C,7.22596E-05
YMR170C,8.35837E-05
YMR173W,7.11464E-05
YMR174C,9.51701E-06
YMR178W,5.21665E-05
YMR183C,0.000162892
YMR184W,2.08344E-05
YMR186W,0.003838496
YMR189W,0.00053532
YMR193W,4.57457E-05
YMR194W,0.000164427
YMR196W,0.00026705
YMR197C,0
YMR200W,6.13311E-05
YMR202W,0.000152055
YMR203W,0.000370765
YMR205C,0.002338058
YMR208W,0.000171716
YMR211W,9.01349E-05
YMR212C,5.51243E-05
YMR214W,0.000139584
YMR215W,0.00020339
YMR217W,0.001901555
YMR220W,9.71865E-05
YMR222C,1.53551E-05
YMR226C,0.000312217
YMR228W,1.43694E-05
YMR229C,0.00169132
YMR235C,0.000371901
YMR236W,4.25504E-05
YMR237W,0.000245272
YMR238W,5.99734E-05
YMR241W,0.000694097
YMR243C,0.000300108
YMR246W,0.000716965
YMR247C,5.08356E-05
YMR250W,0.000112747
YMR255W,4.48608E-06
YMR256C,5.94493E-06
YMR260C,0.00018501
YMR261C,0.000340847
YMR263W,1.33935E-05
YMR264W,9.25236E-05
YMR266W,0.000206085
YMR267W,2.76575E-05
YMR269W,1.96748E-05
YMR275C,9.43852E-06
YMR276W,0.000252959
YMR278W,0.000159951
YMR281W,3.85343E-05
YMR288W,0.000180015
YMR290C,0.000638761
YMR296C,0.000180956
YMR297W,0.000256561
YMR298W,5.24117E-05
YMR300C,0.000567954
YMR302C,6.73255E-05
YMR305C,0.000135477
YMR307W,0.001569264
YMR308C,0.000348706
YMR309C,0.000894583
YMR310C,0.000113845
YMR311C,5.35333E-05
YMR312W,1.96201E-05
YMR314W,0.000186886
YMR315W,0.000401339
YMR318C,0.000460368
YNL001W,0.000228427
YNL002C,0.000168159
YNL004W,9.966E-05
YNL005C,3.12856E-05
YNL007C,0.000722259
YNL010W,0.000345051
YNL015W,2.55286E-05
YNL016W,0.000902253
YNL021W,0.000207231
YNL022C,5.24887E-05
YNL026W,6.91517E-05
YNL035C,1.69503E-05
YNL036W,7.93336E-05
YNL037C,0.000767025
YNL044W,9.64883E-05
YNL045W,0.000475777
YNL048W,2.13201E-05
YNL052W,3.16963E-06
YNL055C,0.001354564
YNL058C,2.20583E-05
YNL059C,0.000224429
YNL061W,0.000416381
YNL062C,0.000139225
YNL064C,0.001648456
YNL067W,0.000110388
YNL069C,0.000862259
YNL070W,1.3896E-05
YNL071W,0.000802768
YNL075W,0.00015914
YNL079C,0.000271314
YNL081C,9.17245E-06
YNL084C,0.000110456
YNL085W,0.00023532
YNL086W,3.56602E-06
YNL087W,0.000145567
YNL088W,0.000424844
YNL096C,0.001031336
YNL098C,0.000126722
YNL099C,2.34509E-06
YNL102W,0.000284512
YNL104C,0.001506035
YNL108C,0.000119683
YNL111C,3.75016E-05
YNL112W,0.000876754
YNL113W,9.48807E-05
YNL116W,0.000431849
YNL117W,0.000114105
YNL118C,0.000461286
YNL121C,0.000656093
YNL123W,0.001796887
YNL129W,3.25377E-05
YNL130C,0.000240595
YNL130C-A,8.59672E-06
YNL131W,0.000179779
YNL132W,0.000939835
YNL134C,0.001266499
YNL135C,0.001132507
YNL137C,2.32668E-05
YNL138W,0.000463308
YNL139C,0.000175933
YNL147W,8.10386E-05
YNL148C,1.89976E-05
YNL149C,3.85643E-05
YNL151C,1.56075E-05
YNL153C,8.10107E-05
YNL154C,0.000158666
YNL156C,0.000207721
YNL157W,3.04793E-05
YNL160W,0.000302931
YNL163C,0.000135207
YNL166C,6.55488E-05
YNL168C,0.000111572
YNL173C,7.24629E-05
YNL175C,0.000250959
YNL178W,0.00367735
YNL180C,8.73717E-05
YNL181W,3.20372E-05
YNL182C,0.000146524
YNL185C,2.106E-05
YNL189W,0.000439854
YNL192W,1.76222E-05
YNL197C,0.000151941
YNL199C,4.33357E-05
YNL200C,4.751E-05
YNL206C,0.000138821
YNL207W,0.000121073
YNL208W,0.000477851
YNL209W,0.008003912
YNL212W,0.000117502
YNL215W,2.87444E-05
YNL216W,0.000228145
YNL219C,0.00029796
YNL220W,0.000948035
YNL229C,8.61084E-05
YNL231C,0.000161607
YNL232W,9.18979E-05
YNL239W,0.000316251
YNL241C,0.000680508
YNL243W,0.000625017
YNL244C,0.000208659
YNL246W,4.81428E-05
YNL247W,0.000625
YNL248C,0.000251994
YNL250W,0.000778785
YNL251C,0.000120978
YNL252C,1.67549E-05
YNL255C,0.000125067
YNL260C,1.56066E-05
YNL264C,3.92591E-05
YNL271C,0.000637182
YNL274C,0.000110978
YNL281W,0.000196532
YNL287W,0.000921125
YNL288W,3.31565E-05
YNL290W,0.000102615
YNL292W,7.59132E-05
YNL306W,2.18747E-05
YNL307C,0.000404006
YNL308C,0.000284486
YNL312W,8.95841E-05
YNL313C,0.000245
YNL315C,0.000102178
YNL316C,4.13814E-05
YNL320W,1.75977E-05
YNR001C,0.001104652
YNR003C,3.86918E-05
YNR008W,8.19607E-05
YNR013C,0.000172249
YNR016C,0.010013884
YNR017W,6.33445E-05
YNR018W,5.18922E-05
YNR019W,0.000127916
YNR021W,0.000106728
YNR026C,9.10504E-05
YNR029C,9.46723E-05
YNR030W,4.91075E-05
YNR032C-A,2.89846E-05
YNR033W,3.18803E-05
YNR034W,0.000107876
YNR035C,0.000294235
YNR036C,2.20125E-05
YNR037C,3.64898E-05
YNR043W,0.000610155
YNR046W,7.24007E-05
YNR048W,4.12626E-05
YNR050C,0.000427445
YNR051C,0.000111081
YNR052C,0.000133774
YNR053C,0.000184964
YNR067C,0.000298261
YNR074C,3.04844E-05
YOL004W,0.000450795
YOL005C,3.42606E-05
YOL008W,1.91401E-05
YOL016C,0.00011279
YOL021C,0.000213606
YOL022C,0.000132842
YOL027C,0.00023391
YOL030W,0.000248462
YOL031C,2.93115E-05
YOL032W,2.07982E-05
YOL033W,3.9159E-05
YOL038W,0.00040747
YOL039W,0.000780754
YOL040C,0.001850759
YOL041C,0.000331534
YOL049W,0.000217367
YOL052C,0.000100903
YOL057W,0.000210673
YOL058W,0.002208779
YOL059W,0.000389354
YOL061W,0.000232177
YOL064C,0.000180784
YOL067C,1.11944E-05
YOL071W,3.09313E-05
YOL076W,0.000274107
YOL077C,0.00013681
YOL077W-A,4.50764E-06
YOL086C,0.016180783
YOL086W-A,9.33309E-06
YOL088C,0.000151876
YOL090W,0.000137329
YOL092W,0.000142165
YOL093W,3.07491E-06
YOL094C,0.000156588
YOL096C,1.15271E-05
YOL097C,0.001035767
YOL098C,0.000489124
YOL102C,2.49384E-05
YOL109W,0.000467568
YOL111C,0.00020594
YOL115W,0.000145202
YOL123W,0.000285004
YOL126C,9.06529E-05
YOL127W,0.001131956
YOL133W,1.90799E-05
YOL139C,0.00034505
YOL140W,0.000184591
YOL142W,4.11524E-05
YOL143C,0.000374472
YOL144W,4.99104E-05
YOL146W,1.91755E-05
YOL149W,0.00011777
YOL151W,0.000214887
YOR004W,0.000112899
YOR006C,7.38804E-05
YOR007C,0.001469825
YOR008C,7.25659E-05
YOR014W,5.81706E-05
YOR016C,3.66387E-05
YOR018W,0.000138714
YOR020C,0.000616408
YOR021C,0.000271869
YOR027W,0.002013181
YOR039W,8.06349E-05
YOR040W,0.000196385
YOR042W,0.000132077
YOR043W,3.70401E-05
YOR046C,0.0005613
YOR051C,0.000152411
YOR052C,1.4488E-05
YOR056C,9.86213E-05
YOR057W,7.56736E-05
YOR061W,0.000162192
YOR063W,0.003008013
YOR065W,0.000103784
YOR069W,0.000147317
YOR074C,0.00015839
YOR078W,4.56044E-05
YOR085W,9.34518E-05
YOR086C,0.000431965
YOR089C,7.83365E-05
YOR090C,8.56425E-05
YOR091W,0.00020544
YOR095C,0.000251823
YOR096W,0.001575839
YOR098C,0.000165938
YOR099W,0.000241223
YOR108W,0.000565769
YOR110W,0.000128762
YOR111W,5.20808E-05
YOR112W,0.000171467
YOR115C,0
YOR116C,0.000351342
YOR117W,0.000383483
YOR120W,3.67312E-05
YOR122C,0.00011937
YOR123C,0.000172641
YOR124C,0.000160583
YOR125C,2.37465E-05
YOR126C,4.57091E-05
YOR128C,0.000493497
YOR130C,4.44948E-05
YOR131C,8.81473E-05
YOR136W,0.000877705
YOR141C,7.17503E-05
YOR142W,0.000329782
YOR143C,4.71173E-05
YOR145C,0.000105649
YOR151C,0.000763327
YOR153W,0.000567493
YOR155C,0.00011073
YOR157C,0.000128674
YOR158W,6.45752E-05
YOR163W,3.93698E-05
YOR164C,5.39843E-05
YOR165W,0.000142218
YOR167C,7.68026E-05
YOR168W,0.001133382
YOR173W,2.48036E-05
YOR174W,3.99674E-05
YOR176W,0.00015901
YOR181W,0.000136037
YOR184W,0.000585916
YOR185C,4.01122E-05
YOR187W,0.000388886
YOR189W,1.89722E-05
YOR194C,1.03512E-05
YOR195W,0.000254677
YOR197W,0.000372264
YOR198C,0.000653961
YOR201C,6.09773E-05
YOR204W,0.00234954
YOR206W,0.000209414
YOR207C,0.000203792
YOR209C,0.00027858
YOR210W,2.10317E-05
YOR211C,0.00018869
YOR213C,2.20745E-05
YOR217W,0.00025405
YOR220W,7.77682E-05
YOR222W,7.20249E-05
YOR224C,6.1678E-05
YOR227W,5.15358E-05
YOR230W,0.000464706
YOR232W,0.000161985
YOR234C,0.000223259
YOR239W,0.00041959
YOR241W,0.000212509
YOR243C,0.000398365
YOR251C,0.000200331
YOR252W,4.8308E-05
YOR254C,0.000356189
YOR257W,5.30468E-05
YOR259C,0.000273628
YOR260W,9.75752E-05
YOR261C,0.000262275
YOR262W,0
YOR265W,0.000116068
YOR266W,7.82632E-05
YOR267C,0.000137527
YOR270C,0.000621998
YOR271C,0.000182546
YOR272W,0.000182242
YOR274W,0.000523337
YOR275C,0.000124616
YOR276W,8.26613E-05
YOR278W,6.44327E-05
YOR280C,8.25275E-05
YOR281C,0.000130735
YOR283W,5.48545E-05
YOR284W,8.33646E-06
YOR285W,0.0001134
YOR286W,0.000100006
YOR287C,2.43746E-05
YOR290C,0.000121556
YOR294W,5.96744E-05
YOR298C-A,0.00085041
YOR303W,0.000361163
YOR310C,0.000808513
YOR316C,5.18793E-05
YOR317W,0.000558756
YOR323C,0.000555271
YOR326W,0.000404804
YOR327C,4.54816E-05
YOR332W,0.001114467
YOR335C,0.002999853
YOR340C,0.000180894
YOR341W,0.000836255
YOR347C,0.000113556
YOR354C,0.000119981
YOR356W,0.000285267
YOR357C,2.65174E-05
YOR361C,0.002106253
YOR362C,0.000373861
YOR367W,4.34122E-05
YOR369C,0.00166777
YOR370C,0.000293033
YOR374W,0.000440278
YOR375C,0.001189884
YOR384W,0
YPL001W,5.25178E-05
YPL004C,0.000695019
YPL009C,0.000319975
YPL010W,3.68782E-05
YPL012W,0.000679591
YPL015C,3.69839E-05
YPL019C,0.000512016
YPL023C,0.000125457
YPL028W,0.001167151
YPL030W,0.000131006
YPL031C,5.5407E-05
YPL032C,0.000253985
YPL037C,0.000143813
YPL042C,0.00135114
YPL043W,0.000343131
YPL048W,0.001215655
YPL050C,0.000245663
YPL053C,0.000108368
YPL055C,3.41178E-05
YPL058C,4.18787E-06
YPL059W,0.000151648
YPL061W,0.005967427
YPL063W,0.000300972
YPL067C,2.92302E-05
YPL074W,0
YPL078C,0.000200517
YPL079W,2.69231E-05
YPL081W,2.92879E-05
YPL084W,0.000185126
YPL085W,0.000830667
YPL086C,0.000143486
YPL091W,0.000766922
YPL093W,0.000359101
YPL094C,4.59251E-05
YPL101W,5.0326E-05
YPL105C,0.000207422
YPL106C,0.009608029
YPL111W,0.000453532
YPL116W,9.20077E-05
YPL117C,0.000202109
YPL118W,3.82697E-05
YPL125W,0
YPL126W,0.00023992
YPL127C,7.10613E-05
YPL128C,0.000107356
YPL129W,7.76598E-05
YPL131W,0.001485884
YPL132W,2.93576E-05
YPL135W,2.94358E-05
YPL143W,0.000383984
YPL145C,0.000794872
YPL146C,0.000108474
YPL154C,0.000904723
YPL160W,0.002866196
YPL169C,0.000215895
YPL170W,3.22584E-05
YPL173W,5.22839E-05
YPL178W,0.000140179
YPL180W,0
YPL183C,0.000237203
YPL184C,0.000256328
YPL188W,7.8437E-05
YPL190C,0.000451674
YPL193W,1.87513E-06
YPL198W,0.000426671
YPL199C,2.26756E-05
YPL203W,2.63701E-05
YPL204W,0.000116942
YPL206C,1.58457E-05
YPL207W,0.000360709
YPL208W,7.28874E-05
YPL210C,0.000183269
YPL211W,0.000127377
YPL212C,0.000197383
YPL213W,3.90625E-05
YPL214C,9.139E-06
YPL217C,0.000353536
YPL218W,0.000481479
YPL225W,0.000428877
YPL226W,0.001315571
YPL228W,0.000158576
YPL231W,0.006634127
YPL232W,7.35929E-05
YPL235W,0.000474344
YPL237W,0.000230828
YPL239W,0.000143461
YPL240C,0.001196224
YPL242C,0.000904501
YPL243W,0.000211098
YPL249C-A,0.000291432
YPL252C,6.98727E-05
YPL260W,0.000168368
YPL262W,0.000570129
YPL263C,0.000172806
YPL265W,0.000113668
YPL271W,2.0119E-05
YPL273W,0.000214935
YPL274W,0.000107849
YPR002W,0.000116093
YPR004C,0.000399704
YPR010C,0.000450564
YPR010C-A,2.51748E-05
YPR016C,0.000213856
YPR019W,0.000253706
YPR020W,1.93387E-05
YPR023C,6.07276E-05
YPR024W,0.000244784
YPR028W,0.000380438
YPR029C,0.000160927
YPR032W,8.85744E-05
YPR033C,0.001065658
YPR034W,4.67996E-06
YPR035W,0.000864885
YPR036W,0.000672138
YPR041W,0.000631601
YPR052C,6.15954E-05
YPR058W,3.13468E-05
YPR060C,0.00043663
YPR062W,7.97277E-05
YPR063C,2.40489E-05
YPR069C,0.000798747
YPR073C,2.56417E-06
YPR074C,0.004946909
YPR075C,2.20546E-05
YPR082C,1.81585E-05
YPR086W,4.20387E-05
YPR088C,0.000217847
YPR091C,0.000110123
YPR097W,0.000195812
YPR103W,0.000151085
YPR108W,0.000414574
YPR110C,0.000486493
YPR112C,0.000368194
YPR113W,0.000138374
YPR115W,0.000425516
YPR118W,0.000363782
YPR125W,0.000108076
YPR127W,0.000138856
YPR129W,0.000262635
YPR131C,0
YPR133C,0.00015476
YPR133W-A,3.58814E-05
YPR137W,0.000100655
YPR139C,5.88459E-05
YPR143W,9.76828E-05
YPR145W,0.001142998
YPR148C,0.00024991
YPR149W,0.000178634
YPR154W,6.38691E-05
YPR156C,8.5711E-05
YPR159W,0.000237951
YPR160W,0.000264435
YPR161C,0.000123191
YPR163C,0.001364985
YPR165W,0.00047453
YPR168W,9.24116E-06
YPR171W,0.000152894
YPR172W,7.55454E-05
YPR173C,0.000177823
YPR175W,6.64154E-05
YPR179C,0
YPR180W,8.18766E-05
YPR181C,0.001006335
YPR182W,5.15619E-06
YPR183W,0.000492322
YPR187W,4.5341E-05
YPR188C,2.32868E-05
YPR189W,0.00020512
YPR191W,0.000427519
