Protein,phi_calib
Q0045,0.000133328
Q0140,5.08308E-05
Q0250,0.000741867
YAL003W,0.009562641
YAL005C,0.002933037
YAL007C,0.000201056
YAL012W,0.000598876
YAL016W,0.000268084
YAL017W,4.45834E-05
YAL019W,2.90717E-05
YAL021C,0.000298705
YAL023C,0.00029515
YAL025C,3.99625E-05
YAL029C,1.68583E-05
YAL034W-A,1.57847E-05
YAL035W,0.000437067
YAL036C,0.000171437
YAL038W,0.00496139
YAL039C,9.06264E-05
YAL042W,8.05394E-05
YAL043C,3.42832E-05
YAL044C,0.000555995
YAL044W-A,9.47319E-06
YAL046C,1.43496E-05
YAL049C,0.0004043
YAL059W,2.43112E-05
YAL060W,0.001057483
YAL062W,0.000303747
YAR002C-A,0.00023936
YAR002W,0.000118326
YAR007C,0.000233192
YAR015W,0.000581586
YAR042W,0.00019508
YBL004W,0
YBL007C,0.000255482
YBL015W,0.000683663
YBL017C,0.000164583
YBL020W,2.56823E-05
YBL022C,0.000158709
YBL023C,8.80321E-05
YBL024W,0.000887297
YBL026W,0.000128501
YBL028C,3.55562E-05
YBL029C-A,7.90272E-05
YBL030C,0.00472214
YBL032W,0.000207395
YBL033C,9.78609E-05
YBL035C,2.04298E-05
YBL036C,0.000114748
YBL039C,0.00036551
YBL041W,0.000481487
YBL045C,0.002120629
YBL047C,0.000287207
YBL050W,0.000511779
YBL051C,0.000138071
YBL054W,0
YBL055C,7.9206E-05
YBL056W,0.000133253
YBL057C,0.000101325
YBL058W,0.000241633
YBL059C-A,7.194E-05
YBL064C,0.004747325
YBL068W,0.000329394
YBL069W,3.18101E-05
YBL075C,0.000221111
YBL076C,0.000410429
YBL079W,0.000104851
YBL085W,0
YBL086C,1.53441E-05
YBL090W,0.000145738
YBL091C,0.000250189
YBL092W,0.00157291
YBL093C,5.95103E-05
YBL098W,3.85037E-05
YBL099W,0.008472809
YBL103C,1.32676E-05
YBL104C,5.80748E-05
YBL105C,6.02542E-05
YBL107C,9.73294E-05
YBR003W,0.000200818
YBR006W,0.000183604
YBR011C,0.00290853
YBR015C,0.000121534
YBR016W,0.000225612
YBR017C,0.000132952
YBR024W,4.91146E-05
YBR025C,0.001678135
YBR026C,0.00069244
YBR029C,2.06129E-05
YBR031W,0.000234547
YBR034C,0.000110279
YBR035C,0.000448268
YBR039W,0.001095872
YBR042C,3.49481E-05
YBR046C,0.000752475
YBR049C,0.000204482
YBR052C,0.000127459
YBR053C,0.000418847
YBR054W,0.000156982
YBR056W,0.000226942
YBR058C,0.000214993
YBR058C-A,0.000151547
YBR069C,3.6914E-05
YBR072W,0.014590281
YBR074W,0
YBR077C,7.04435E-05
YBR078W,0.001474754
YBR079C,0.000313117
YBR080C,0.000122539
YBR081C,0.000674124
YBR082C,1.77308E-05
YBR084W,0.000160009
YBR085C-A,0.000186008
YBR086C,0.000347409
YBR087W,5.16558E-05
YBR088C,0.000395012
YBR089C-A,0.000802224
YBR091C,0.000120749
YBR092C,0.000382101
YBR094W,8.4524E-05
YBR095C,0.000109023
YBR096W,7.80443E-05
YBR101C,0.000102732
YBR104W,1.63372E-06
YBR106W,0.000233731
YBR108W,5.48317E-05
YBR109C,0.000317207
YBR111C,0.000478064
YBR111W-A,7.31154E-05
YBR112C,6.10722E-05
YBR115C,0.000824792
YBR117C,0.001755576
YBR121C,0.001294999
YBR122C,5.65788E-05
YBR125C,1.12859E-05
YBR126C,0.002072739
YBR127C,0.001650695
YBR131W,0.000279234
YBR135W,0.000170593
YBR137W,2.40645E-05
YBR139W,0.000522906
YBR142W,0.000120712
YBR143C,0.000386282
YBR145W,6.32567E-05
YBR146W,6.61831E-05
YBR149W,0.002077656
YBR151W,0.000104684
YBR154C,0.000371937
YBR155W,0.000102954
YBR159W,8.69022E-05
YBR160W,0.000223193
YBR162C,0.000214879
YBR164C,9.06547E-05
YBR166C,8.30966E-05
YBR167C,6.2982E-05
YBR169C,0.000699099
YBR170C,0.000155119
YBR171W,5.98499E-05
YBR172C,5.53758E-05
YBR173C,3.26532E-05
YBR176W,6.99973E-05
YBR177C,0.000106022
YBR185C,3.22761E-05
YBR188C,3.02219E-05
YBR189W,0.000240764
YBR191W,8.58958E-05
YBR196C,0.004000848
YBR198C,0.00011128
YBR199W,6.45557E-05
YBR200W,5.2824E-05
YBR204C,3.31951E-05
YBR205W,0.000171187
YBR212W,0.000119444
YBR214W,0.000196895
YBR218C,0.000178892
YBR221C,0.002772871
YBR222C,0.000401217
YBR227C,0.000169428
YBR229C,0.000112776
YBR230C,0.000783232
YBR231C,1.02411E-05
YBR233W,8.14286E-05
YBR233W-A,8.23827E-05
YBR234C,9.70949E-05
YBR236C,0.000121275
YBR238C,2.29224E-05
YBR244W,9.3826E-05
YBR245C,5.85219E-05
YBR246W,7.2271E-05
YBR247C,0.000101053
YBR248C,0.000993256
YBR249C,0.001216144
YBR251W,0.000112698
YBR252W,0.000250968
YBR253W,5.62065E-05
YBR256C,0.000212394
YBR258C,1.26255E-05
YBR260C,9.11277E-06
YBR261C,0.000109907
YBR262C,0.000103567
YBR263W,0.000767752
YBR265W,0.000127342
YBR267W,7.9944E-06
YBR269C,0.00049202
YBR272C,4.92128E-05
YBR273C,8.56814E-05
YBR278W,1.11075E-05
YBR281C,5.45173E-05
YBR283C,0.000136221
YBR286W,0.000577907
YCL001W,0.000125209
YCL005W-A,8.04904E-05
YCL008C,2.81144E-05
YCL009C,0.001700445
YCL011C,0.00012096
YCL017C,0.000649873
YCL024W,0
YCL026C-B,0.000159736
YCL028W,0.000588477
YCL029C,2.74723E-05
YCL030C,0.00022623
YCL031C,4.24263E-05
YCL033C,0.000186537
YCL034W,6.96466E-05
YCL035C,0.000605831
YCL037C,0.000241535
YCL040W,0.005993915
YCL043C,0.001592216
YCL044C,8.78271E-05
YCL045C,0.000139468
YCL050C,0.00046388
YCL054W,6.12311E-05
YCL057C-A,0.000230303
YCL057W,0.000198177
YCL059C,0.000144681
YCR002C,0.000302617
YCR004C,0.001818441
YCR005C,0.000156294
YCR009C,0.000201396
YCR012W,0.018392278
YCR017C,6.5324E-05
YCR020W-B,0.000115376
YCR028C-A,0.002136707
YCR030C,0.000238498
YCR031C,0
YCR034W,0.000133911
YCR035C,5.79194E-05
YCR036W,0.000127774
YCR046C,5.26194E-05
YCR047C,0
YCR048W,4.91295E-05
YCR051W,0.000152427
YCR052W,7.68252E-05
YCR053W,0.000841563
YCR057C,6.20735E-05
YCR060W,7.48031E-05
YCR068W,3.70642E-05
YCR071C,5.76582E-05
YCR072C,2.7345E-05
YCR073W-A,0.000380566
YCR075W-A,7.04781E-05
YCR076C,1.97704E-05
YCR077C,0.000170393
YCR083W,0.001476264
YCR084C,0.000255096
YCR086W,5.7409E-05
YCR087C-A,0.000106398
YCR088W,0.000791158
YCR090C,6.74476E-05
YCR093W,0.00010146
YCR098C,2.10299E-05
YDL002C,0
YDL004W,0.001488389
YDL006W,0
YDL007W,0.000386535
YDL012C,4.39215E-05
YDL014W,0.000213158
YDL015C,0.000116174
YDL019C,0.00013003
YDL022W,0.001451602
YDL029W,0.000820916
YDL031W,0.000112512
YDL040C,0.000139804
YDL043C,1.09859E-05
YDL047W,0.000102926
YDL051W,0.000363935
YDL052C,5.10445E-05
YDL053C,0.000103144
YDL055C,0.003315682
YDL058W,4.05612E-05
YDL060W,6.4666E-05
YDL061C,0.000502526
YDL063C,2.63297E-05
YDL064W,7.48505E-05
YDL065C,0.000182045
YDL066W,0.000913629
YDL072C,0.00037308
YDL074C,3.94777E-06
YDL075W,0.000955882
YDL077C,0
YDL078C,0.000786542
YDL081C,0.000779378
YDL082W,0.000214309
YDL084W,0.000810667
YDL085C-A,4.38407E-05
YDL086W,0.000386227
YDL092W,0.000133726
YDL095W,0.000181629
YDL097C,0.000648317
YDL098C,3.26269E-05
YDL099W,9.01445E-05
YDL100C,0.000388602
YDL103C,0.00035855
YDL110C,0.000111051
YDL111C,4.91467E-05
YDL112W,5.62682E-05
YDL113C,3.49954E-05
YDL116W,4.29998E-05
YDL120W,0.000127367
YDL121C,0.000126727
YDL122W,0.000183048
YDL124W,0.001655056
YDL125C,0.000962291
YDL126C,0.002466137
YDL128W,2.32932E-05
YDL130W,0.000310358
YDL130W-A,0.001705069
YDL131W,0.000614786
YDL132W,0.000171154
YDL134C,0.000134273
YDL135C,0.000390564
YDL137W,0.000367364
YDL140C,0.000268231
YDL143W,0.00029752
YDL144C,0.000161785
YDL145C,0.000396261
YDL147W,0.000352022
YDL150W,4.54723E-05
YDL153C,8.11105E-05
YDL157C,0
YDL160C,0.000596925
YDL161W,0.000115048
YDL164C,9.1944E-05
YDL165W,0.000185394
YDL166C,9.66079E-05
YDL167C,0
YDL168W,0.000421737
YDL171C,9.9754E-05
YDL173W,0.000127892
YDL174C,0.000354304
YDL178W,0.000337644
YDL181W,0.002065082
YDL182W,0.00028998
YDL185W,0.00153366
YDL189W,0
YDL190C,0.000613274
YDL192W,0.000309094
YDL195W,0.00038904
YDL198C,0.000122077
YDL199C,0.0002165
YDL201W,0.000122505
YDL202W,3.1717E-05
YDL203C,0
YDL204W,0.000142658
YDL205C,9.37438E-05
YDL208W,0.000151479
YDL211C,1.44427E-05
YDL212W,6.01372E-05
YDL213C,0.000222448
YDL215C,0.00058214
YDL217C,4.59942E-05
YDL219W,9.95714E-05
YDL223C,0.000559563
YDL224C,4.25075E-05
YDL225W,0.000151482
YDL226C,0.000163279
YDL229W,0.002409376
YDL235C,0.000217766
YDL236W,0.000140708
YDL237W,9.23019E-05
YDR001C,0.000623642
YDR002W,0.000286307
YDR005C,4.38193E-05
YDR007W,8.95689E-06
YDR011W,5.89493E-05
YDR012W,5.84367E-05
YDR016C,0.000118864
YDR017C,5.92468E-05
YDR019C,0.000154642
YDR023W,0.00110159
YDR028C,0.000270608
YDR031W,0.000220852
YDR032C,0.002719639
YDR033W,0.000362967
YDR035W,0.000838499
YDR036C,0.000430834
YDR037W,0.000515474
YDR041W,7.47926E-05
YDR044W,9.91195E-05
YDR050C,0.00546913
YDR051C,9.08033E-05
YDR054C,7.10491E-05
YDR055W,0.000507647
YDR060W,9.3513E-05
YDR062W,0.00010826
YDR063W,0.000389853
YDR064W,0.002514125
YDR068W,4.5632E-05
YDR070C,0.001012649
YDR071C,0.001345659
YDR074W,0.000469454
YDR076W,8.38783E-06
YDR083W,6.62346E-05
YDR084C,9.29898E-05
YDR086C,0.001414171
YDR087C,8.173E-06
YDR091C,0.000230032
YDR092W,0.000154957
YDR098C,0.000369481
YDR099W,0.000614424
YDR101C,0.000362045
YDR116C,9.05652E-05
YDR117C,5.69981E-05
YDR119W,0
YDR120C,0.000121778
YDR121W,0.000179873
YDR127W,0.000548571
YDR129C,0.000809268
YDR135C,8.35885E-05
YDR138W,6.9519E-05
YDR141C,5.32155E-05
YDR143C,2.00597E-05
YDR145W,0.000137505
YDR148C,0.00167495
YDR150W,0.000115633
YDR152W,0.000115217
YDR153C,5.69029E-05
YDR155C,0.004462922
YDR156W,2.33992E-05
YDR158W,0.0009458
YDR165W,6.33431E-05
YDR167W,4.08709E-05
YDR168W,0.000491495
YDR169C,5.85071E-05
YDR170C,0.000111765
YDR172W,0.000276836
YDR174W,0.000415069
YDR175C,0.000175162
YDR176W,1.13397E-05
YDR177W,0.000280456
YDR178W,0.001181257
YDR182W,2.73471E-05
YDR183W,4.01774E-05
YDR188W,0.000277417
YDR189W,7.19546E-05
YDR190C,0.000441217
YDR194C,0.000104678
YDR201W,0.00011123
YDR211W,0.000187552
YDR212W,0.000350016
YDR214W,0.00026666
YDR221W,0.000110061
YDR224C,5.26079E-06
YDR226W,0.002096928
YDR227W,4.59049E-05
YDR231C,9.79463E-05
YDR232W,0.000112336
YDR233C,0.002326949
YDR234W,9.47221E-05
YDR235W,1.76323E-05
YDR236C,4.78749E-05
YDR238C,0.000378792
YDR239C,3.69781E-05
YDR243C,0
YDR246W,1.57802E-05
YDR248C,3.99244E-05
YDR257C,3.98541E-05
YDR258C,0.000861643
YDR262W,0.000155556
YDR264C,8.03988E-05
YDR266C,0
YDR267C,0
YDR268W,1.72374E-05
YDR272W,0.000104625
YDR280W,6.66759E-05
YDR287W,8.24162E-05
YDR289C,7.31401E-05
YDR292C,8.90472E-05
YDR293C,0.000130976
YDR294C,0.000122585
YDR296W,0.000174018
YDR298C,0.000785527
YDR299W,7.26509E-05
YDR300C,0.000116625
YDR303C,0
YDR304C,0.000573302
YDR312W,0
YDR320C,0.00011319
YDR321W,0.000111465
YDR322C-A,0.000509793
YDR322W,0.000186779
YDR324C,6.87349E-05
YDR328C,0.00053979
YDR330W,7.26433E-05
YDR333C,1.26871E-05
YDR337W,0.000114323
YDR341C,0.001183138
YDR346C,0.00028592
YDR347W,0.000157762
YDR348C,3.53777E-05
YDR353W,0.000322751
YDR354W,7.11335E-05
YDR356W,3.71731E-05
YDR358W,0.000172172
YDR361C,7.03852E-05
YDR363W-A,0.000302061
YDR365C,2.56491E-05
YDR367W,6.28005E-06
YDR368W,0.00098875
YDR376W,5.91671E-05
YDR377W,0.001321124
YDR378C,0.000391016
YDR380W,0.00028437
YDR381C-A,1.38113E-05
YDR381W,0.000774728
YDR382W,0.000593633
YDR384C,0.000963394
YDR388W,0.000225135
YDR389W,8.97179E-06
YDR390C,9.6102E-05
YDR394W,0.000241269
YDR395W,6.46771E-05
YDR397C,0.000109561
YDR398W,5.47243E-05
YDR399W,0.000173196
YDR404C,0.000135288
YDR405W,0.000114913
YDR408C,0.000114338
YDR411C,6.50097E-05
YDR416W,0
YDR422C,0
YDR425W,6.14285E-05
YDR427W,0.000394924
YDR428C,6.41054E-05
YDR429C,0.000538271
YDR430C,0.000228789
YDR432W,0.000659019
YDR434W,6.51156E-06
YDR441C,9.56771E-05
YDR449C,3.25699E-05
YDR452W,0.000147831
YDR453C,0.000416348
YDR454C,0.000951753
YDR457W,5.19308E-05
YDR461C-A,0.000129506
YDR462W,0.000139262
YDR469W,0.000148359
YDR470C,4.68346E-05
YDR472W,4.671E-05
YDR477W,0.00030323
YDR481C,0.000172686
YDR483W,0.000160749
YDR486C,8.14552E-05
YDR487C,0.00048483
YDR496C,0.000137119
YDR500C,0.000344844
YDR502C,0.000408946
YDR508C,3.75022E-05
YDR510W,0.00102156
YDR513W,0.001967551
YDR515W,0.000112164
YDR516C,0.000503386
YDR517W,7.44703E-05
YDR518W,0.000281812
YDR519W,0.00059864
YDR524C,2.90066E-05
YDR525W-A,0.000100551
YDR529C,0.001237552
YDR531W,0.000150214
YDR533C,0.001112131
YEL002C,0.000397371
YEL007W,0.000112314
YEL012W,3.61642E-05
YEL013W,0.000239968
YEL015W,8.91978E-05
YEL018W,1.53073E-06
YEL020W-A,0.000372925
YEL021W,3.68278E-05
YEL024W,0.000932192
YEL026W,0.000293722
YEL030W,0.000245537
YEL031W,0.000234664
YEL032W,4.03295E-05
YEL034W,0.000493621
YEL037C,0.000234535
YEL038W,0.000175323
YEL040W,3.01293E-05
YEL042W,6.21286E-05
YEL044W,0.000100629
YEL046C,8.92715E-05
YEL047C,0.000905065
YEL050C,1.50813E-05
YEL051W,0.000399232
YEL052W,0.000105862
YEL055C,4.04826E-05
YEL056W,6.4086E-05
YEL058W,0.000255379
YEL060C,0.001625533
YEL066W,0.000616651
YEL071W,0.00012747
YER001W,7.01746E-06
YER002W,4.64281E-05
YER003C,0.000934934
YER004W,0.000284192
YER006W,0.000169453
YER007C-A,0.00036867
YER009W,0.001606229
YER010C,0.000166765
YER012W,0.000370501
YER014W,0.000424014
YER019C-A,5.64408E-05
YER019W,8.21189E-06
YER021W,0.00040647
YER023W,0.000482475
YER025W,0.000598116
YER029C,0.000101883
YER030W,0.000118945
YER031C,6.51113E-05
YER034W,1.69955E-05
YER036C,0.000401796
YER042W,0.000675011
YER043C,0.001917399
YER044C,0.000283821
YER048C,0.00034859
YER048W-A,0.000576269
YER049W,0.000159904
YER052C,0.000261381
YER055C,0.000104667
YER056C,0
YER057C,0.000658649
YER061C,2.45492E-05
YER062C,0.000134822
YER063W,0.000501222
YER067W,0.000329035
YER068W,7.00325E-05
YER069W,0.000150087
YER070W,7.91334E-05
YER072W,0.000222978
YER073W,0.000373973
YER074W-A,1.40128E-05
YER078C,0
YER079W,9.61492E-05
YER080W,0.000641933
YER081W,0.000126087
YER082C,5.95667E-05
YER083C,5.39196E-05
YER086W,0.000458155
YER088C,1.02766E-05
YER089C,0.000141043
YER090W,0.000634113
YER091C,0.000734015
YER092W,6.08046E-05
YER094C,0.000356043
YER099C,0.000265045
YER100W,3.33867E-06
YER101C,0.000121696
YER103W,0.000167092
YER105C,2.07943E-05
YER110C,0.000539856
YER112W,0.000219491
YER114C,1.43398E-05
YER120W,0.000230677
YER122C,0.000192434
YER123W,0
YER125W,0.0016023
YER131W,2.22564E-05
YER133W,0.000258547
YER134C,0.000118369
YER136W,0.000900966
YER139C,6.43442E-05
YER143W,0.000137891
YER145C,5.80766E-06
YER146W,0.000299888
YER148W,6.60162E-05
YER151C,0.000138448
YER152C,0.000125007
YER155C,6.65123E-05
YER156C,0.000272552
YER159C,8.21188E-05
YER161C,5.75055E-06
YER163C,0.00013786
YER164W,2.67999E-05
YER165W,0.001075037
YER166W,3.14023E-05
YER168C,0.000809691
YER174C,2.20938E-05
YER175C,9.56071E-05
YER176W,8.7969E-05
YER177W,0.001008261
YER178W,0.00137908
YER182W,7.55992E-05
YFL001W,2.33217E-05
YFL002C,1.96863E-05
YFL004W,0.000122383
YFL005W,0.000532158
YFL007W,4.51672E-05
YFL008W,9.55337E-05
YFL010C,0.000153082
YFL014W,0.010729476
YFL016C,0.000181842
YFL017C,0.000280659
YFL017W-A,4.23568E-06
YFL018C,0.001016248
YFL022C,0.000543133
YFL023W,5.45257E-05
YFL028C,0.000109807
YFL034C-A,0.000139182
YFL037W,0.001688657
YFL038C,0.000776374
YFL039C,0.007432883
YFL041W,0.000165644
YFL044C,5.69715E-05
YFL045C,0.001061923
YFL047W,0
YFL048C,0.000180328
YFR001W,7.37201E-05
YFR002W,7.80716E-05
YFR003C,0.000148791
YFR004W,0.000602044
YFR006W,0.000283542
YFR009W,0.000220484
YFR010W,0.0002391
YFR011C,0.000161109
YFR013W,4.93991E-05
YFR014C,0.000206016
YFR016C,5.32383E-05
YFR024C-A,0.000243587
YFR025C,8.58533E-06
YFR028C,5.38549E-05
YFR030W,3.35174E-05
YFR033C,0.000317515
YFR034C,3.00143E-06
YFR037C,0.000225355
YFR040W,5.46495E-05
YFR041C,6.55391E-05
YFR044C,0.002263682
YFR047C,0.000249657
YFR049W,0
YFR050C,0.000293305
YFR051C,0.000302085
YFR052W,0.000239054
YFR053C,0.006036787
YGL001C,0.000101124
YGL005C,1.29179E-05
YGL008C,0.000385343
YGL009C,0.000321339
YGL011C,0.000377707
YGL014W,6.97465E-05
YGL016W,0
YGL018C,6.10333E-05
YGL019W,0.000103194
YGL020C,2.28449E-05
YGL022W,6.23135E-05
YGL023C,0
YGL025C,6.99E-06
YGL026C,0.00065646
YGL027C,0.000140152
YGL028C,5.23252E-05
YGL030W,0.001673914
YGL031C,0.000152509
YGL035C,4.37661E-05
YGL037C,0.001295682
YGL038C,5.85426E-06
YGL039W,5.83931E-05
YGL040C,0.000377745
YGL043W,0.000126348
YGL048C,0.000452475
YGL049C,7.78841E-05
YGL050W,3.21102E-05
YGL054C,6.61793E-05
YGL055W,0.0001592
YGL056C,0.000179249
YGL061C,3.12744E-05
YGL062W,0.00034111
YGL063W,0
YGL066W,0.000265342
YGL067W,8.69692E-05
YGL068W,0.00051551
YGL070C,0.000147027
YGL073W,1.04727E-05
YGL076C,0.002675489
YGL078C,0.000239701
YGL082W,7.05037E-05
YGL084C,0.000112109
YGL087C,0.000284763
YGL092W,6.49683E-05
YGL097W,0.000143553
YGL099W,0.000146072
YGL100W,0.000153031
YGL101W,2.35806E-05
YGL103W,0.001889823
YGL105W,0.001292794
YGL106W,0.000708718
YGL108C,8.53197E-05
YGL111W,9.13929E-05
YGL112C,0.000112235
YGL115W,0.000178733
YGL117W,3.83411E-06
YGL119W,4.74969E-05
YGL120C,0.000103566
YGL122C,9.871E-05
YGL123W,0.001884019
YGL125W,0.000102468
YGL129C,0.000177664
YGL130W,9.0218E-05
YGL137W,0.0003933
YGL141W,2.81446E-05
YGL145W,0.000107296
YGL147C,0.000152925
YGL148W,0.000373549
YGL150C,6.87453E-05
YGL153W,6.61708E-05
YGL157W,2.50164E-05
YGL164C,0.003991366
YGL167C,0.000125479
YGL171W,4.67686E-05
YGL173C,0.000162324
YGL174W,3.04374E-05
YGL181W,3.21309E-05
YGL184C,2.11074E-05
YGL185C,1.42069E-05
YGL187C,0.000816206
YGL189C,4.65248E-05
YGL190C,9.17998E-05
YGL191W,0.000213187
YGL195W,0.000270692
YGL196W,2.60029E-05
YGL198W,6.8424E-05
YGL200C,0.000269582
YGL201C,5.36052E-05
YGL202W,0.000866153
YGL206C,0.000609939
YGL207W,0.000234395
YGL210W,9.17507E-05
YGL213C,6.09889E-05
YGL220W,0.000163411
YGL221C,0.000200286
YGL226C-A,0
YGL228W,0.000201452
YGL231C,0.00014102
YGL232W,9.5688E-05
YGL234W,0.00082723
YGL238W,9.27497E-05
YGL242C,0.000212836
YGL244W,0.000175265
YGL245W,0.001221771
YGL246C,0.000119171
YGL248W,9.40788E-05
YGL252C,0.000140856
YGL253W,0.003998458
YGL255W,0
YGR001C,0.000192013
YGR005C,7.07855E-05
YGR008C,4.27663E-05
YGR009C,4.04998E-05
YGR012W,6.46304E-05
YGR017W,6.80802E-05
YGR019W,0.000567661
YGR020C,0.000402031
YGR028W,0
YGR029W,9.21978E-05
YGR031W,3.54612E-05
YGR034W,0.000613398
YGR037C,0.00119845
YGR043C,0.000979982
YGR048W,0.00028308
YGR054W,0.000151325
YGR055W,0
YGR061C,0.000416077
YGR063C,9.12066E-05
YGR070W,0
YGR076C,9.13773E-05
YGR078C,9.4705E-05
YGR080W,0.000302199
YGR081C,2.90044E-05
YGR082W,0.000398203
YGR083C,7.75147E-05
YGR084C,6.51876E-05
YGR086C,0.003142247
YGR087C,6.81145E-05
YGR090W,6.73573E-05
YGR092W,0
YGR094W,0.000427634
YGR095C,0.000158216
YGR098C,4.89286E-06
YGR103W,0.000106997
YGR104C,4.24537E-05
YGR106C,7.98365E-05
YGR111W,6.70291E-05
YGR116W,0.000351429
YGR117C,0.000116941
YGR119C,0.0001931
YGR120C,0
YGR123C,8.16504E-05
YGR124W,0.000359561
YGR128C,8.2495E-05
YGR129W,6.3845E-06
YGR130C,0.000226105
YGR132C,0.000865215
YGR135W,0.000557258
YGR136W,9.92197E-05
YGR145W,6.45871E-05
YGR148C,0.000245434
YGR152C,9.41253E-05
YGR155W,0.000842736
YGR156W,4.23206E-05
YGR157W,7.31906E-05
YGR158C,7.44764E-05
YGR159C,0.000157955
YGR162W,0.000231161
YGR163W,7.38497E-05
YGR167W,0.000309415
YGR169C-A,0.000137613
YGR173W,0.000281107
YGR175C,0.000238051
YGR177C,1.55844E-05
YGR178C,0.000103071
YGR180C,0.003203767
YGR181W,0.000310043
YGR185C,0.000164628
YGR186W,8.08185E-05
YGR187C,0.000116304
YGR189C,0.00014953
YGR192C,0.002821331
YGR193C,0.000136928
YGR194C,0.000172909
YGR195W,8.14994E-05
YGR197C,3.95232E-05
YGR198W,0.000120101
YGR199W,0.00020958
YGR200C,0.000180104
YGR202C,0
YGR203W,0.000121092
YGR204W,0.000603704
YGR205W,0.000510315
YGR207C,0.000271713
YGR208W,6.30659E-05
YGR209C,0.001105742
YGR210C,6.97173E-05
YGR211W,0.000508744
YGR215W,9.07758E-05
YGR218W,0.00017739
YGR220C,7.06001E-05
YGR229C,0.000139097
YGR231C,0.000716483
YGR232W,0.000201947
YGR233C,5.30184E-05
YGR234W,0.001069467
YGR235C,0.000141992
YGR240C,0.000837067
YGR244C,0.000634967
YGR248W,0.000397033
YGR250C,0.000141992
YGR253C,0.000405232
YGR254W,0.014074683
YGR261C,7.32279E-05
YGR262C,1.08154E-05
YGR264C,0.000282884
YGR266W,0.000174695
YGR267C,7.98306E-05
YGR268C,4.07176E-05
YGR270W,1.74014E-05
YGR271W,1.54812E-05
YGR275W,6.23528E-05
YGR276C,0.000164857
YGR277C,0.00011092
YGR279C,0.000394767
YGR280C,4.20267E-05
YGR282C,0.002395594
YGR284C,0.00011516
YGR285C,0.000594789
YHL001W,0.0004622
YHL002W,0.000102015
YHL007C,4.80166E-05
YHL009C,4.57599E-06
YHL011C,0.000305517
YHL014C,2.56693E-05
YHL015W,0.003485982
YHL021C,0.000524276
YHL025W,0
YHL030W,4.58011E-05
YHL031C,0.000136203
YHL033C,0.00083524
YHL034C,0.001473307
YHL039W,8.54911E-05
YHR001W,0.000182829
YHR001W-A,7.6389E-05
YHR003C,3.07061E-05
YHR005C-A,9.81884E-05
YHR007C,0.000174183
YHR008C,0.002314594
YHR009C,0.000120004
YHR010W,0.00020092
YHR012W,0.000193513
YHR019C,0.000580778
YHR020W,0.000431632
YHR023W,1.01709E-05
YHR024C,0.000116708
YHR025W,0.000569844
YHR027C,0.000269295
YHR028C,0.000135497
YHR029C,0.000141898
YHR030C,6.10562E-05
YHR034C,2.25204E-05
YHR037W,0.000329882
YHR038W,9.76595E-05
YHR039C,0.000279973
YHR039C-A,0.000644978
YHR041C,8.50687E-05
YHR042W,0.000515322
YHR046C,6.59069E-05
YHR047C,0.000206884
YHR049W,9.55137E-05
YHR051W,0.000666319
YHR052W,0.000114399
YHR056C,3.22193E-05
YHR057C,2.80449E-05
YHR058C,4.34946E-05
YHR060W,9.19315E-05
YHR062C,5.27553E-05
YHR063C,0.000141175
YHR064C,0.0009098
YHR065C,0.000152107
YHR066W,3.91199E-06
YHR068W,0.000505523
YHR069C,4.38932E-05
YHR070W,4.70624E-05
YHR072W-A,0.000124916
YHR073W,4.3585E-05
YHR074W,0.000152011
YHR076W,0.000130132
YHR077C,2.96157E-05
YHR081W,6.77867E-05
YHR085W,1.71522E-05
YHR087W,0.000919014
YHR088W,8.11042E-05
YHR089C,0.000145759
YHR098C,0.000106341
YHR104W,0.000504369
YHR106W,0.000122806
YHR107C,0.000308014
YHR108W,8.39372E-05
YHR110W,5.18708E-05
YHR111W,0.000167971
YHR112C,9.1341E-05
YHR113W,0.000224188
YHR114W,0.00011991
YHR117W,9.38202E-05
YHR118C,1.17387E-05
YHR121W,0.000120167
YHR122W,4.82392E-05
YHR123W,3.62815E-05
YHR127W,8.25431E-05
YHR128W,0.000315744
YHR132C,0.000213016
YHR132W-A,6.4281E-05
YHR135C,0.000104505
YHR137W,0.001175005
YHR138C,0.000300269
YHR143W-A,0.000352867
YHR144C,3.32164E-05
YHR146W,0.000247133
YHR148W,0.000151585
YHR152W,0
YHR158C,9.32426E-05
YHR161C,2.87216E-05
YHR162W,1.95371E-05
YHR163W,0.000230106
YHR167W,0.000140567
YHR169W,6.78463E-05
YHR170W,0.00024588
YHR174W,0.004728674
YHR179W,0.001924159
YHR183W,0.000929546
YHR187W,0.000101329
YHR188C,0.000249415
YHR190W,0.000219421
YHR191C,4.77009E-05
YHR193C,0.001668744
YHR196W,0.000136215
YHR198C,0.000160864
YHR199C,0.000238092
YHR200W,0.000369442
YHR201C,9.15844E-05
YHR202W,8.16981E-05
YHR208W,0.000695176
YHR216W,0.000220202
YIL005W,0.000107665
YIL007C,7.05936E-05
YIL009W,0
YIL010W,0.000277597
YIL014W,3.67053E-05
YIL021W,0.000239759
YIL022W,0.000392207
YIL030C,0.000107632
YIL033C,0.00099834
YIL034C,0.000412043
YIL035C,4.643E-05
YIL036W,5.86586E-05
YIL038C,8.16931E-05
YIL041W,0.001290887
YIL043C,0.000275819
YIL044C,3.30151E-05
YIL048W,2.87943E-06
YIL051C,0.001692373
YIL053W,0.000265949
YIL062C,0.000778609
YIL063C,0.000101107
YIL064W,0.000102441
YIL065C,0.000175448
YIL070C,0.000211712
YIL074C,0.000148975
YIL075C,0.000427505
YIL076W,0.000158603
YIL078W,0.000678607
YIL083C,0.000143745
YIL084C,6.68435E-05
YIL091C,9.1092E-05
YIL093C,0.000106791
YIL094C,0.000789609
YIL095W,0
YIL103W,7.66501E-05
YIL105C,8.76493E-05
YIL108W,0.000213768
YIL109C,0.000196962
YIL110W,7.40446E-05
YIL111W,1.52959E-05
YIL115C,8.84637E-05
YIL116W,0.000250756
YIL118W,0.000130601
YIL121W,2.15271E-05
YIL123W,0.000152793
YIL124W,0.000122797
YIL125W,0.000971092
YIL126W,8.37374E-05
YIL131C,0
YIL133C,0.000558067
YIL135C,8.35676E-07
YIL136W,0.001609182
YIL137C,0.000149222
YIL138C,0.000156377
YIL142W,0.000512127
YIL145C,0.00018104
YIL155C,0.001164563
YIL161W,0
YIL162W,0.000612023
YIL169C,2.79261E-05
YIR001C,0.00017367
YIR003W,0.000180571
YIR004W,0.000101786
YIR006C,0.000160355
YIR012W,0.000173352
YIR022W,2.04767E-05
YIR026C,7.40108E-05
YIR030C,5.46105E-05
YIR035C,9.50658E-05
YIR036C,0.000259358
YIR037W,0.001152353
YIR038C,0.000311297
YJL001W,0.000445699
YJL005W,2.05585E-05
YJL008C,0.000453515
YJL010C,4.43523E-05
YJL011C,0.000151789
YJL012C,0.000174512
YJL014W,0.000408693
YJL020C,0.000551375
YJL024C,7.24222E-05
YJL026W,0.001102101
YJL031C,5.38572E-05
YJL033W,8.16309E-05
YJL034W,0.000923046
YJL036W,0.000229218
YJL039C,6.93828E-05
YJL041W,0.000229042
YJL042W,1.78351E-05
YJL050W,0.00011105
YJL052W,0.006832055
YJL053W,4.9401E-05
YJL055W,0.000328921
YJL060W,0.000171567
YJL062W-A,0.00019289
YJL063C,4.26725E-05
YJL066C,0.000592109
YJL068C,0.000457443
YJL069C,7.25178E-05
YJL074C,5.88545E-05
YJL076W,0.000174982
YJL079C,9.79282E-05
YJL080C,0.000423048
YJL081C,0.000120657
YJL082W,5.12375E-05
YJL088W,6.29833E-05
YJL101C,0.000119596
YJL104W,0.00011758
YJL109C,0.000143744
YJL111W,0.000371559
YJL112W,7.33648E-05
YJL115W,0.000236116
YJL117W,0.000157709
YJL121C,9.76738E-05
YJL123C,0.000650223
YJL124C,0.000159227
YJL125C,9.23023E-05
YJL128C,2.47721E-05
YJL130C,0.000584877
YJL136C,0.001222077
YJL140W,0.000179733
YJL145W,0.000155169
YJL148W,0.000341996
YJL153C,0.000678779
YJL154C,0.000108706
YJL159W,0.00094295
YJL164C,9.0217E-05
YJL165C,2.78893E-05
YJL167W,0.001360899
YJL168C,0.000286806
YJL171C,0.000264569
YJL172W,0.001461829
YJL173C,0.000150285
YJL174W,0.000204685
YJL176C,6.9081E-05
YJL177W,0.000740667
YJL178C,6.64324E-05
YJL179W,9.18058E-05
YJL183W,0.000128071
YJL184W,9.49964E-05
YJL186W,0.000116773
YJL189W,0.000104808
YJL191W,0.000689684
YJL200C,0.000162951
YJL203W,0
YJL205C,5.85376E-05
YJL208C,0.000122228
YJL217W,0.000559495
YJL218W,1.97642E-05
YJR001W,4.72391E-05
YJR002W,0.000107181
YJR003C,8.94596E-05
YJR006W,6.78387E-05
YJR007W,0.000462401
YJR009C,0.000588749
YJR010C-A,0.000114289
YJR014W,0.000172542
YJR016C,0.001066717
YJR017C,0.000285995
YJR019C,0.000265715
YJR024C,0
YJR025C,0.000299227
YJR032W,5.93509E-05
YJR034W,1.38477E-05
YJR045C,0.004202781
YJR046W,2.25648E-05
YJR048W,0
YJR051W,0.000168887
YJR057W,0
YJR058C,7.22353E-05
YJR059W,9.98436E-05
YJR060W,0.000103786
YJR063W,0.000183353
YJR064W,0.000230641
YJR065C,0.000386943
YJR068W,0.000129802
YJR069C,0.000149568
YJR070C,0.000336274
YJR072C,0.000130769
YJR074W,0.000106555
YJR075W,9.75757E-05
YJR076C,0.000128251
YJR077C,0.001410845
YJR078W,5.66508E-06
YJR080C,0.000375198
YJR082C,2.32244E-05
YJR085C,8.86603E-05
YJR088C,6.88637E-05
YJR091C,2.20971E-05
YJR093C,2.81664E-05
YJR096W,0.000283057
YJR099W,0.000127071
YJR101W,0.000108306
YJR103W,0.000220468
YJR104C,0.010166484
YJR105W,0.001550485
YJR109C,0.000208532
YJR111C,4.11951E-05
YJR112W,2.25362E-05
YJR113C,0.000133954
YJR117W,0.000241217
YJR118C,7.3201E-05
YJR121W,0.00764773
YJR123W,0.002644229
YJR125C,0.000222574
YJR131W,2.4439E-05
YJR132W,8.65058E-06
YJR133W,0
YJR135W-A,0.00050925
YJR137C,6.72863E-05
YJR139C,0.001254096
YJR143C,0.000123719
YJR144W,0.00032928
YJR148W,0.003723638
YKL002W,0.000134936
YKL003C,1.09923E-05
YKL006W,0.000479365
YKL007W,0.000214993
YKL009W,0.000286128
YKL010C,0
YKL013C,0.000343776
YKL016C,0.00113418
YKL018W,2.48054E-05
YKL019W,0.000132435
YKL021C,6.88484E-05
YKL024C,0.000306284
YKL025C,2.15166E-05
YKL027W,0.000147485
YKL028W,0
YKL029C,0.000106519
YKL033W-A,0.000235474
YKL035W,0.001961342
YKL040C,0.000243818
YKL042W,3.48281E-05
YKL046C,0.000184556
YKL053C-A,0
YKL054C,9.37778E-05
YKL056C,0.001235167
YKL057C,3.72475E-05
YKL058W,9.22796E-05
YKL060C,0.00867553
YKL062W,7.29288E-06
YKL063C,4.97181E-05
YKL065C,0.000170999
YKL067W,0.002398354
YKL068W,8.42236E-05
YKL069W,3.4279E-05
YKL073W,0.000146782
YKL077W,0.000267837
YKL080W,0.000446218
YKL081W,0.000862443
YKL082C,0.000123313
YKL085W,0.002596987
YKL089W,0
YKL091C,9.05346E-05
YKL094W,0.000163831
YKL096W,0.00031704
YKL099C,5.62647E-05
YKL103C,0.001612625
YKL104C,0.000420667
YKL106W,4.6387E-05
YKL112W,0.000101851
YKL113C,6.78431E-05
YKL114C,0.00010956
YKL117W,0.000559872
YKL122C,0.000218644
YKL126W,5.34444E-05
YKL127W,0.000256495
YKL128C,4.9974E-05
YKL129C,0.000256419
YKL130C,4.55371E-05
YKL135C,1.06684E-05
YKL137W,0.000153534
YKL138C-A,2.8382E-05
YKL140W,9.23665E-05
YKL141W,0.000755677
YKL142W,0.00071453
YKL143W,6.58456E-05
YKL145W,0.000407268
YKL148C,0.001106389
YKL150W,0.000903727
YKL151C,0.000328399
YKL152C,0.01211757
YKL154W,4.18273E-05
YKL157W,0.000569292
YKL160W,0.000107677
YKL164C,0.000382743
YKL165C,0.000123489
YKL166C,4.60707E-05
YKL167C,2.01321E-05
YKL170W,4.2962E-05
YKL172W,4.88617E-05
YKL173W,4.12813E-05
YKL175W,4.309E-05
YKL179C,9.41036E-05
YKL180W,0.001256897
YKL181W,0.000186673
YKL182W,0.002313657
YKL184W,1.83977E-05
YKL190W,0.000152788
YKL191W,0.000133175
YKL192C,0.00062914
YKL193C,0.000281134
YKL195W,0.000210177
YKL196C,0.001597261
YKL204W,8.76299E-05
YKL206C,0.000101123
YKL209C,0
YKL210W,0.001282148
YKL211C,0.000395521
YKL212W,0.000254139
YKL213C,9.07246E-05
YKL214C,0.000112542
YKL215C,0.000255072
YKL216W,0.000370652
YKR001C,0.000637567
YKR002W,6.05709E-05
YKR003W,6.36172E-05
YKR006C,0.000179493
YKR008W,7.31884E-05
YKR013W,0.000176214
YKR014C,0.000483636
YKR016W,0.00033778
YKR018C,0.000502685
YKR023W,1.38098E-05
YKR025W,7.73482E-05
YKR026C,7.99341E-05
YKR028W,1.91914E-05
YKR029C,0.000131854
YKR035W-A,0.000209552
YKR036C,0
YKR042W,0.000231255
YKR043C,0.000261202
YKR046C,0.000131529
YKR048C,0.000540521
YKR049C,0.000426705
YKR054C,2.9695E-05
YKR057W,0.000555033
YKR062W,9.12661E-05
YKR066C,0.000744436
YKR068C,8.19804E-05
YKR070W,0.000225504
YKR071C,4.68102E-05
YKR072C,0.00013719
YKR074W,0.000165657
YKR080W,0.000117547
YKR081C,0.000139799
YKR082W,7.03557E-05
YKR084C,0.000149519
YKR089C,2.65339E-05
YKR092C,7.01137E-05
YKR095W,0.000118693
YKR095W-A,0.000100982
YLL001W,0.000172498
YLL003W,0
YLL006W,2.77577E-05
YLL008W,0.000116491
YLL009C,0.000142533
YLL011W,7.4325E-05
YLL013C,8.6244E-05
YLL015W,4.36156E-05
YLL018C,0.001953109
YLL021W,5.75177E-05
YLL022C,3.84119E-05
YLL024C,0.00083154
YLL026W,0.003519271
YLL029W,0.000140818
YLL034C,5.27532E-05
YLL036C,0.000110777
YLL038C,5.24717E-05
YLL039C,0
YLL040C,3.59739E-05
YLL041C,0.001002929
YLL045C,0.001280133
YLL048C,0.000117119
YLL050C,0.003762512
YLL056C,0.000136215
YLL062C,2.75755E-05
YLR002C,2.02362E-05
YLR003C,9.61914E-05
YLR008C,0.000143154
YLR009W,0.000140374
YLR011W,1.96216E-05
YLR017W,0.000265193
YLR022C,4.59039E-05
YLR025W,0.000121464
YLR026C,4.90915E-05
YLR027C,0.000540794
YLR028C,0.000491289
YLR029C,0.001923542
YLR033W,8.54852E-05
YLR034C,1.10505E-05
YLR043C,0.000450852
YLR044C,0.008333508
YLR045C,7.8262E-05
YLR052W,4.89059E-05
YLR055C,8.45711E-05
YLR056W,0.00014308
YLR057W,1.60861E-05
YLR058C,0.00118411
YLR059C,0.000229523
YLR060W,0.000499424
YLR061W,0.000393871
YLR066W,0.000184416
YLR069C,0.000392936
YLR075W,0.00127756
YLR078C,4.89195E-05
YLR089C,0.000325607
YLR095C,4.7534E-05
YLR096W,1.96896E-05
YLR100W,8.40777E-05
YLR104W,6.82306E-05
YLR106C,8.48064E-05
YLR109W,0.001046669
YLR113W,7.794E-05
YLR119W,4.71714E-05
YLR129W,5.08304E-05
YLR133W,9.0469E-05
YLR134W,0.00013589
YLR144C,6.79876E-05
YLR147C,0.000322516
YLR150W,0.000992576
YLR153C,0.000774554
YLR154C,3.39187E-05
YLR163C,0.000172008
YLR167W,0.002288279
YLR172C,0.000516567
YLR174W,0.002973697
YLR175W,0.000164159
YLR178C,0.000867096
YLR179C,0.000276454
YLR180W,7.26889E-05
YLR181C,6.4147E-05
YLR185W,0.000667761
YLR186W,0.000101181
YLR187W,2.27448E-05
YLR188W,3.46396E-05
YLR192C,0.000392673
YLR195C,5.62405E-05
YLR196W,0.000187185
YLR197W,0.000423327
YLR199C,0.000110054
YLR200W,0.000568462
YLR201C,0.00012141
YLR203C,0.000135644
YLR206W,0.000204918
YLR208W,0.000774328
YLR209C,0.000146603
YLR211C,0
YLR212C,5.82435E-05
YLR214W,0
YLR216C,0.000826978
YLR221C,0.000170889
YLR222C,7.76418E-05
YLR229C,0.000250576
YLR231C,6.62964E-05
YLR241W,4.96573E-05
YLR244C,0.000246413
YLR248W,0.000142154
YLR249W,0.001167668
YLR250W,0.000271221
YLR257W,0.000184373
YLR258W,0.000337195
YLR259C,0.00309222
YLR262C,0.00017258
YLR262C-A,0.000108508
YLR268W,9.36927E-05
YLR270W,0.000416363
YLR275W,1.99304E-05
YLR276C,9.51648E-05
YLR277C,7.40129E-05
YLR285W,6.18806E-05
YLR286C,0.000251889
YLR290C,6.1217E-05
YLR291C,0.000143031
YLR292C,0.00026282
YLR293C,0.002111066
YLR295C,0.000103572
YLR300W,0.000172293
YLR301W,0.00049925
YLR304C,0.003181799
YLR306W,4.37203E-05
YLR309C,9.895E-05
YLR312W-A,6.79256E-05
YLR314C,0.000181237
YLR319C,4.12641E-05
YLR321C,0.000140649
YLR324W,8.96126E-05
YLR325C,0.002082901
YLR328W,8.2573E-05
YLR330W,0.000154392
YLR335W,0.000147274
YLR337C,9.67499E-05
YLR340W,0.003548718
YLR342W,0.000118415
YLR344W,0.000848245
YLR347C,0.000269121
YLR348C,0.000129541
YLR351C,0.00026064
YLR354C,0.001380759
YLR355C,0.00368111
YLR356W,0.000104971
YLR357W,2.86471E-05
YLR359W,0.000299179
YLR361C-A,0.000369901
YLR363W-A,2.44426E-05
YLR364W,6.45467E-05
YLR369W,0.000147907
YLR370C,0.000329034
YLR372W,0.000115743
YLR378C,0.000142594
YLR380W,9.68914E-05
YLR384C,0.000137367
YLR387C,0.000124961
YLR388W,0.000727827
YLR389C,0.000136103
YLR390W,0.000173388
YLR390W-A,0.000793324
YLR393W,1.63612E-05
YLR395C,0.000106876
YLR398C,0.000106818
YLR399C,6.82273E-05
YLR406C,0.000374486
YLR407W,9.89987E-05
YLR409C,7.54346E-05
YLR410W,0.000108916
YLR418C,7.65953E-05
YLR419W,2.92752E-05
YLR420W,0.00020848
YLR421C,0.000378904
YLR429W,0.000258172
YLR432W,0.00071147
YLR433C,8.02932E-05
YLR437C,2.24129E-05
YLR438C-A,0.000170971
YLR438W,0.002347562
YLR439W,0.000122431
YLR441C,0.001182007
YLR447C,0.000669586
YLR448W,0.001292815
YLR449W,0.00023399
YLR459W,9.67053E-05
YLR460C,0.000392536
YML001W,0.000510745
YML004C,0.000287998
YML008C,0.001057435
YML009C,0.000301395
YML010W,0.000353116
YML012W,6.22033E-05
YML013W,0.000116951
YML014W,5.15378E-05
YML017W,9.4467E-05
YML022W,0.000204919
YML025C,0.000143911
YML028W,0.003378537
YML030W,8.46043E-05
YML031W,5.96996E-05
YML034W,7.31798E-05
YML035C,0.000102884
YML036W,0.000130735
YML048W,0.000298257
YML052W,0.000127015
YML056C,0.000246623
YML057W,0.0001091
YML058W,2.60356E-05
YML063W,0.001123104
YML067C,5.19237E-05
YML069W,0.00020575
YML070W,0.000796555
YML072C,0.000221986
YML073C,0.001203504
YML074C,0.000950924
YML075C,0.000193528
YML078W,0.000598723
YML079W,0.000153681
YML081C-A,0.000372864
YML082W,0.004681968
YML085C,0.000850867
YML086C,0.000330971
YML092C,0.001213117
YML093W,7.65636E-05
YML094W,0.000167251
YML098W,3.84045E-05
YML100W,0.000744867
YML101C,3.81677E-05
YML103C,4.19227E-05
YML105C,0.000219453
YML106W,0.000152951
YML110C,0.000156971
YML112W,3.48898E-05
YML115C,0.00015138
YML120C,0.000545123
YML124C,0.000261393
YML125C,6.98366E-05
YML126C,0.001015738
YML127W,8.19457E-05
YML131W,0.000718306
YMR002W,0.000174399
YMR004W,8.11919E-05
YMR005W,4.49711E-05
YMR008C,0.000346556
YMR009W,0
YMR011W,2.01437E-05
YMR012W,0.000285347
YMR015C,0.000123074
YMR016C,2.15538E-05
YMR020W,4.41782E-05
YMR021C,5.36519E-05
YMR022W,4.93941E-05
YMR024W,9.93082E-05
YMR027W,0.000258479
YMR029C,4.89493E-05
YMR031C,0.000586626
YMR037C,0
YMR038C,0.00030058
YMR039C,0.000116564
YMR044W,3.21041E-05
YMR047C,0.000100311
YMR049C,0.000332254
YMR054W,7.68885E-05
YMR058W,0.000122162
YMR061W,1.99471E-05
YMR062C,0.000572798
YMR067C,0.000510251
YMR070W,0
YMR072W,0.001022618
YMR073C,3.72604E-05
YMR079W,0.000443883
YMR080C,8.50031E-05
YMR083W,0.001113355
YMR086W,7.04878E-05
YMR091C,0.000156173
YMR092C,0.000688589
YMR093W,8.70768E-05
YMR096W,0.00026642
YMR099C,0.001511571
YMR102C,2.18253E-05
YMR105C,0.001701599
YMR106C,0
YMR108W,0.000639722
YMR109W,0.000123287
YMR110C,0.000597537
YMR112C,7.96386E-05
YMR116C,0.003881003
YMR120C,0.000172889
YMR124W,7.30563E-05
YMR125W,0.000180978
YMR128W,3.16411E-05
YMR129W,7.83084E-05
YMR130W,8.19307E-06
YMR131C,0.000123725
YMR135C,1.67896E-05
YMR140W,4.24634E-05
YMR142C,0.001802691
YMR145C,0.000418157
YMR146C,0.000415645
YMR149W,0.000126013
YMR152W,0.000123916
YMR153W,3.1708E-05
YMR157C,5.20451E-05
YMR158W,0.000110577
YMR159C,0
YMR161W,5.14731E-05
YMR163C,3.06183E-05
YMR170C,0.00042234
YMR173W,0.000160799
YMR174C,0.002001394
YMR178W,7.07346E-05
YMR183C,0.000298027
YMR184W,3.81308E-05
YMR186W,0.000742463
YMR189W,9.38158E-05
YMR193W,8.63705E-05
YMR194W,0.000491044
YMR196W,0.000540145
YMR197C,0
YMR200W,6.62008E-05
YMR202W,0.000174028
YMR203W,0.000578206
YMR205C,0.000918877
YMR208W,0.000146517
YMR211W,0.00010409
YMR212C,4.17634E-05
YMR214W,0.000130009
YMR215W,0.000178742
YMR217W,0.000601297
YMR220W,7.83902E-05
YMR222C,2.34882E-05
YMR226C,0.00057479
YMR228W,2.14161E-05
YMR229C,0.00025456
YMR235C,0.000256404
YMR236W,9.84081E-05
YMR237W,0.000177049
YMR238W,9.92841E-05
YMR241W,0.000313987
YMR243C,0.000163623
YMR246W,0.000421926
YMR247C,2.23744E-05
YMR250W,0.000403553
YMR255W,4.6483E-05
YMR256C,7.92419E-05
YMR260C,0.000237366
YMR261C,0.000177926
YMR263W,3.19277E-05
YMR264W,0.000180108
YMR266W,0.000146274
YMR267W,4.29773E-05
YMR269W,1.71807E-05
YMR275C,5.80549E-06
YMR276W,0.000293625
YMR278W,0.000167472
YMR281W,6.10839E-05
YMR288W,8.46474E-05
YMR290C,0.000212565
YMR296C,0.000149233
YMR297W,0.000359586
YMR298W,0.000717421
YMR300C,0.000295618
YMR302C,0.00013327
YMR305C,8.6948E-05
YMR307W,0.000719465
YMR308C,9.65353E-05
YMR309C,0.000414992
YMR310C,9.80215E-05
YMR311C,0.000137451
YMR312W,1.83765E-05
YMR314W,0.000418143
YMR315W,0.000880981
YMR318C,0.000661668
YNL001W,2.2676E-05
YNL002C,8.71835E-05
YNL004W,0.00013641
YNL005C,7.23254E-05
YNL007C,0.000621287
YNL010W,0.000468601
YNL015W,0.001230902
YNL016W,0.000358818
YNL021W,0.0001058
YNL022C,1.3787E-05
YNL026W,0.000140818
YNL035C,3.05778E-05
YNL036W,0.000156943
YNL037C,0.000950986
YNL044W,0.000183349
YNL045W,0.000546892
YNL048W,5.23418E-05
YNL052W,4.82055E-05
YNL055C,0.007379873
YNL058C,0
YNL059C,5.2411E-05
YNL061W,0.000205174
YNL062C,0.000103624
YNL064C,0.000675385
YNL067W,0.000207625
YNL069C,0.000916308
YNL070W,0.000100447
YNL071W,0.000992285
YNL075W,0.000129608
YNL079C,0.000460968
YNL081C,0
YNL084C,0.000123979
YNL085W,4.09521E-05
YNL086W,7.9183E-06
YNL087W,3.2038E-05
YNL088W,9.99651E-05
YNL096C,0.001373741
YNL098C,0.000419532
YNL099C,0
YNL102W,6.21344E-05
YNL104C,0.001843293
YNL108C,7.60165E-05
YNL111C,0.000196592
YNL112W,0.000209606
YNL113W,0.0002135
YNL116W,0.000286823
YNL117W,0.000173651
YNL118C,7.63682E-05
YNL121C,0.000572647
YNL123W,0.000585066
YNL129W,2.0179E-05
YNL130C,0.000164242
YNL130C-A,1.48323E-05
YNL131W,0.000684581
YNL132W,0.000207709
YNL134C,0.003301179
YNL135C,0.006573034
YNL137C,2.80068E-05
YNL138W,0.000330536
YNL139C,5.87157E-05
YNL147W,0.00026188
YNL148C,3.22298E-05
YNL149C,9.02034E-05
YNL151C,1.2248E-05
YNL153C,0.000118854
YNL154C,0.000116216
YNL156C,0.000119255
YNL157W,6.39098E-05
YNL160W,0.001378112
YNL163C,5.9954E-05
YNL166C,5.83403E-05
YNL168C,0.000273054
YNL173C,0.000257729
YNL175C,0.000132188
YNL178W,0.002490606
YNL180C,0.000176582
YNL181W,4.41442E-05
YNL182C,6.18676E-05
YNL185C,9.08809E-05
YNL189W,0.000368189
YNL192W,1.68358E-05
YNL197C,0.000161588
YNL199C,3.38202E-05
YNL200C,0.000291029
YNL206C,0
YNL207W,0.000107919
YNL208W,0.002322716
YNL209W,0.003147038
YNL212W,0.000141777
YNL215W,2.64488E-05
YNL216W,0.000122441
YNL219C,0.000353952
YNL220W,0.000497103
YNL229C,0.000101112
YNL231C,9.16091E-05
YNL232W,7.93362E-05
YNL239W,0.000459125
YNL241C,0.000591562
YNL243W,0.000295303
YNL244C,0.000726754
YNL246W,0.000103035
YNL247W,0.000233892
YNL248C,0.000121711
YNL250W,0.000142898
YNL251C,6.99642E-05
YNL252C,2.15415E-05
YNL255C,0.000476259
YNL260C,1.13487E-05
YNL264C,2.36113E-05
YNL271C,1.38256E-05
YNL274C,0.001363895
YNL281W,0.000274427
YNL287W,0.000349056
YNL288W,1.80477E-05
YNL290W,5.81185E-05
YNL292W,7.19659E-05
YNL306W,4.03466E-05
YNL307C,0.000118344
YNL308C,0.000126001
YNL312W,0.000169427
YNL313C,0.000101797
YNL315C,0.000212312
YNL316C,4.22125E-05
YNL320W,1.763E-05
YNR001C,0.004565298
YNR003C,2.85311E-05
YNR008W,5.61226E-05
YNR013C,2.1219E-05
YNR016C,0.002906356
YNR017W,8.46439E-05
YNR018W,9.86621E-05
YNR019W,9.37951E-05
YNR021W,8.9652E-05
YNR026C,0.000107238
YNR029C,0.000124308
YNR030W,3.13178E-05
YNR032C-A,0.000114798
YNR033W,3.73645E-06
YNR034W,0.000211716
YNR035C,0.000540908
YNR036C,0.000104616
YNR037C,0.000184447
YNR043W,0.000639917
YNR046W,0.000129567
YNR048W,7.0869E-05
YNR050C,0.000216863
YNR051C,6.0884E-05
YNR052C,0.000117815
YNR053C,6.31857E-05
YNR067C,8.90396E-05
YNR074C,1.74951E-05
YOL004W,0.000161696
YOL005C,7.83432E-05
YOL008W,2.3543E-05
YOL016C,0.000139247
YOL021C,7.18654E-05
YOL022C,0.000113937
YOL027C,0.000282811
YOL030W,0.000238663
YOL031C,4.98731E-05
YOL032W,4.95044E-05
YOL033W,2.85219E-05
YOL038W,0.000830694
YOL039W,0.001122631
YOL040C,0.004201001
YOL041C,0.00017354
YOL049W,0.000159421
YOL052C,6.10614E-05
YOL057W,0.000160081
YOL058W,0.000649299
YOL059W,0.000290614
YOL061W,0.000190278
YOL064C,0.000136571
YOL067C,1.24881E-05
YOL071W,0.000280662
YOL076W,7.4984E-05
YOL077C,0.000124533
YOL077W-A,0
YOL086C,0.006958416
YOL086W-A,1.23397E-05
YOL088C,0.000210436
YOL090W,6.87832E-05
YOL092W,0.00016119
YOL093W,7.01411E-06
YOL094C,0.000169297
YOL096C,0.000170392
YOL097C,0.000318426
YOL098C,0.000213046
YOL102C,5.53262E-05
YOL109W,0.000610252
YOL111C,0.000350033
YOL115W,1.19155E-05
YOL123W,0.000176093
YOL126C,0.001218665
YOL127W,0.00225681
YOL133W,9.14108E-05
YOL139C,0.000337065
YOL140W,0.000123652
YOL142W,5.35416E-05
YOL143C,0.000588036
YOL144W,0
YOL146W,2.46916E-05
YOL149W,9.96543E-05
YOL151W,0.000224311
YOR004W,8.27152E-05
YOR006C,0.000115229
YOR007C,0.001789586
YOR008C,7.52173E-05
YOR014W,1.77438E-05
YOR016C,0.000128516
YOR018W,7.74917E-05
YOR020C,0.0031016
YOR021C,0.000450911
YOR027W,0.001304467
YOR039W,0.000131696
YOR040W,0.000294075
YOR042W,0.000197584
YOR043W,4.51731E-05
YOR046C,0.000398806
YOR051C,5.4468E-05
YOR052C,2.11284E-05
YOR056C,5.71779E-05
YOR057W,6.79355E-05
YOR061W,0.000177114
YOR063W,0.002124345
YOR065W,0.000712114
YOR069W,7.15084E-05
YOR074C,0.000198736
YOR078W,6.91479E-05
YOR085W,8.46415E-05
YOR086C,0.000244275
YOR089C,0.000331363
YOR090C,4.46955E-05
YOR091W,0.000164574
YOR095C,0.000591161
YOR096W,0.001921015
YOR098C,4.24118E-05
YOR099W,0.000150312
YOR108W,0.000231138
YOR110W,0.000162335
YOR111W,0.000124856
YOR112W,0.000132653
YOR115C,0
YOR116C,9.31796E-05
YOR117W,0.000523649
YOR120W,0.000385718
YOR122C,0.000562317
YOR123C,0.000129717
YOR124C,6.49365E-05
YOR125C,0.000129144
YOR126C,0.000108282
YOR128C,0.000337198
YOR130C,3.10191E-05
YOR131C,0.000228789
YOR136W,0.000683945
YOR141C,4.59423E-05
YOR142W,0.001743853
YOR143C,4.38469E-05
YOR145C,6.36543E-05
YOR151C,0.000263537
YOR153W,5.85783E-05
YOR155C,0.000128589
YOR157C,0.000167135
YOR158W,0.000149335
YOR163W,9.02346E-05
YOR164C,7.20401E-05
YOR165W,6.99209E-05
YOR167C,0.000388847
YOR168W,0.000393387
YOR173W,0.000506076
YOR174W,6.39108E-05
YOR176W,0.000290073
YOR181W,8.60309E-05
YOR184W,0.000337916
YOR185C,0.000603368
YOR187W,0.00093365
YOR189W,4.88516E-05
YOR194C,5.84704E-05
YOR195W,5.79591E-05
YOR197W,0.000396063
YOR198C,0.00038806
YOR201C,9.29327E-05
YOR204W,0.00070866
YOR206W,7.53675E-05
YOR207C,6.54515E-05
YOR209C,0.000291522
YOR210W,0.000116377
YOR211C,0.00013143
YOR213C,0.000241836
YOR217W,9.9378E-05
YOR220W,0.000151114
YOR222W,4.15955E-05
YOR224C,0.000128244
YOR227W,2.12207E-05
YOR230W,0.00243954
YOR232W,0.000284981
YOR234C,0.000481117
YOR239W,0.000226692
YOR241W,0.000135316
YOR243C,0.00015069
YOR251C,0.000452394
YOR252W,7.13144E-05
YOR254C,0.000173218
YOR257W,0.000107941
YOR259C,0.00028522
YOR260W,8.33306E-05
YOR261C,0.000277861
YOR262W,1.84748E-05
YOR265W,0.000483234
YOR266W,3.01989E-06
YOR267C,0.000103619
YOR270C,0.00032136
YOR271C,0.00012393
YOR272W,0.000129778
YOR274W,9.25695E-05
YOR275C,0.000181236
YOR276W,0.000153733
YOR278W,6.76416E-05
YOR280C,0.000122104
YOR281C,0.000133095
YOR283W,4.53874E-05
YOR284W,1.36779E-05
YOR285W,0.001782076
YOR286W,0.000336532
YOR287C,5.69056E-05
YOR290C,2.4769E-05
YOR294W,4.1424E-05
YOR298C-A,0.00187087
YOR303W,0.000381337
YOR310C,0.000303205
YOR316C,8.97152E-05
YOR317W,0.000530135
YOR323C,0.000382319
YOR326W,7.07319E-05
YOR327C,0.000149434
YOR332W,0.001249523
YOR335C,0.000661919
YOR340C,0.000110321
YOR341W,0.000117122
YOR347C,0.000247299
YOR354C,0.000146479
YOR356W,0.000127215
YOR357C,7.42203E-05
YOR361C,0.000847866
YOR362C,0.000712911
YOR367W,4.36846E-05
YOR369C,0.00285379
YOR370C,0.000223445
YOR374W,0.02160654
YOR375C,0.000374839
YOR384W,0.000101769
YPL001W,0.000100701
YPL004C,0.002433245
YPL009C,0.000122139
YPL010W,6.36044E-05
YPL012W,0.000107716
YPL015C,1.58344E-05
YPL019C,6.96573E-05
YPL023C,0.000117039
YPL028W,0.001739376
YPL030W,8.21662E-05
YPL031C,6.67309E-05
YPL032C,9.21739E-05
YPL037C,0.001494568
YPL042C,0.000237954
YPL043W,0.000102564
YPL048W,0.001612489
YPL050C,0.000318275
YPL053C,0
YPL055C,9.83534E-05
YPL058C,0
YPL059W,0.000588973
YPL061W,0.004288578
YPL063W,0.000246319
YPL067C,0.000182852
YPL074W,6.69216E-06
YPL078C,0.001489866
YPL079W,6.86696E-05
YPL081W,5.65993E-05
YPL084W,0.000109993
YPL085W,0.000117321
YPL086C,9.28275E-05
YPL091W,0.00057245
YPL093W,9.74051E-05
YPL094C,5.6613E-05
YPL101W,5.90201E-05
YPL105C,0.000111138
YPL106C,0.001733086
YPL111W,0.002633228
YPL116W,5.13426E-05
YPL117C,0.000372025
YPL118W,4.94845E-05
YPL125W,6.82993E-05
YPL126W,7.81499E-05
YPL127C,0.000109527
YPL128C,5.51483E-05
YPL129W,0.000136783
YPL131W,0.001125131
YPL132W,9.75542E-05
YPL135W,8.66927E-05
YPL143W,0.000487206
YPL145C,0.000538339
YPL146C,5.06753E-05
YPL154C,0.002153078
YPL160W,0.000476838
YPL169C,0.000124205
YPL170W,0.000244872
YPL173W,0.000120099
YPL178W,0.000282894
YPL180W,3.40914E-05
YPL183C,9.76972E-05
YPL184C,0.000142387
YPL188W,0.000164979
YPL190C,0.000315926
YPL193W,0
YPL198W,0.000734853
YPL199C,3.05506E-05
YPL203W,8.47583E-05
YPL204W,5.94763E-05
YPL206C,9.82878E-06
YPL207W,8.78851E-05
YPL208W,0
YPL210C,0.000103483
YPL211W,0.000157608
YPL212C,8.16092E-05
YPL213W,6.75099E-05
YPL214C,4.1174E-05
YPL217C,7.09564E-05
YPL218W,0.001157432
YPL225W,0.00053566
YPL226W,0.000273321
YPL228W,0.000110801
YPL231W,0.001497864
YPL232W,0.000120414
YPL235W,0.000568618
YPL237W,0.000155997
YPL239W,0.000424105
YPL240C,0.000472752
YPL242C,8.32002E-05
YPL243W,0.000161135
YPL249C-A,0.001152929
YPL252C,0.000145724
YPL260W,0.000229874
YPL262W,0.00127865
YPL263C,5.6248E-05
YPL265W,4.27221E-05
YPL271W,0.000569478
YPL273W,0.000127526
YPL274W,2.46324E-05
YPR002W,0.000476318
YPR004C,0.000768798
YPR010C,8.9211E-05
YPR010C-A,0.000547633
YPR016C,0.000359835
YPR019W,9.25942E-05
YPR020W,0.000137961
YPR023C,4.98906E-05
YPR024W,0.000151932
YPR028W,0.000692407
YPR029C,0.000107608
YPR032W,1.46387E-05
YPR033C,0.000409703
YPR034W,6.36242E-05
YPR035W,0.00042815
YPR036W,0.000529553
YPR041W,0.000385445
YPR052C,0.000261776
YPR058W,4.68177E-05
YPR060C,0.000374948
YPR062W,0.000101634
YPR063C,6.5135E-05
YPR069C,0.000660282
YPR073C,2.14766E-05
YPR074C,0.001477239
YPR075C,1.73488E-05
YPR082C,0
YPR086W,4.05695E-05
YPR088C,0.000144115
YPR091C,7.33416E-05
YPR097W,8.5509E-05
YPR103W,0.000282844
YPR108W,0.000442679
YPR110C,0.000384363
YPR112C,7.32046E-05
YPR113W,0.000150436
YPR115W,8.36479E-05
YPR118W,0.000216263
YPR125W,0.000114191
YPR127W,0.00120295
YPR129W,0.000432677
YPR131C,8.1606E-05
YPR133C,0.000128045
YPR133W-A,0.000441926
YPR137W,8.17709E-05
YPR139C,5.67865E-05
YPR143W,7.95708E-05
YPR145W,0.000452308
YPR148C,0.000281726
YPR149W,0.00177084
YPR154W,0.000154292
YPR156C,5.77687E-05
YPR159W,6.67567E-05
YPR160W,0.001520141
YPR161C,6.11414E-05
YPR163C,0.000827241
YPR165W,0.000675586
YPR168W,2.62581E-05
YPR171W,1.50435E-05
YPR172W,0.000288692
YPR173C,0.000153244
YPR175W,7.83248E-06
YPR179C,5.3644E-07
YPR180W,0.000105827
YPR181C,0.000478666
YPR182W,3.37177E-05
YPR183W,0.001452931
YPR187W,7.90193E-05
YPR188C,3.02531E-05
YPR189W,5.93769E-05
YPR191W,0.002583717
